Date,Time,Money
3-Jan-00,1.20%,-23.45%
4-Jan-00,0.70%,-23.84%
5-Jan-00,0.97%,-22.72%
6-Jan-00,1.61%,-21.99%
7-Jan-00,2.56%,-20.52%
10-Jan-00,3.18%,-20.47%
11-Jan-00,2.91%,-21.54%
12-Jan-00,3.08%,-21.58%
13-Jan-00,3.67%,-20.90%
14-Jan-00,3.97%,-20.33%
18-Jan-00,3.71%,-20.59%
19-Jan-00,3.42%,-20.93%
20-Jan-00,3.27%,-21.07%
21-Jan-00,3.83%,-21.01%
24-Jan-00,2.14%,-23.52%
25-Jan-00,3.13%,-21.47%
26-Jan-00,3.21%,-22.08%
27-Jan-00,3.06%,-22.39%
28-Jan-00,1.55%,-24.23%
31-Jan-00,2.32%,-23.19%
1-Feb-00,2.71%,-21.05%
2-Feb-00,3.04%,-21.73%
3-Feb-00,3.57%,-20.47%
4-Feb-00,3.79%,-20.55%
7-Feb-00,3.06%,-21.47%
8-Feb-00,3.73%,-20.27%
9-Feb-00,2.62%,-22.57%
10-Feb-00,2.79%,-21.64%
11-Feb-00,2.03%,-22.89%
14-Feb-00,2.39%,-22.77%
15-Feb-00,2.95%,-21.87%
16-Feb-00,2.60%,-21.31%
17-Feb-00,2.79%,-21.17%
18-Feb-00,1.06%,-23.34%
22-Feb-00,1.46%,-19.79%
23-Feb-00,2.03%,-19.12%
24-Feb-00,2.36%,-19.27%
25-Feb-00,1.69%,-20.44%
28-Feb-00,1.94%,-18.29%
29-Feb-00,2.73%,-17.97%
1-Mar-00,3.97%,-16.88%
2-Mar-00,4.03%,-17.61%
3-Mar-00,4.87%,-17.27%
6-Mar-00,4.43%,-17.88%
7-Mar-00,2.22%,-20.64%
8-Mar-00,2.77%,-20.07%
9-Mar-00,4.01%,-17.41%
10-Mar-00,3.60%,-17.82%
13-Mar-00,3.19%,-18.67%
14-Mar-00,2.92%,-19.79%
15-Mar-00,3.64%,-18.75%
16-Mar-00,4.78%,-16.06%
17-Mar-00,3.58%,-17.60%
20-Mar-00,2.99%,-20.23%
21-Mar-00,4.01%,-18.69%
22-Mar-00,3.18%,-18.34%
23-Mar-00,3.67%,-18.35%
24-Mar-00,3.21%,-18.17%
27-Mar-00,2.49%,-17.70%
28-Mar-00,2.13%,-18.95%
29-Mar-00,2.19%,-18.80%
30-Mar-00,1.59%,-19.47%
31-Mar-00,2.49%,-18.46%
3-Apr-00,2.15%,-18.89%
4-Apr-00,-0.06%,-21.01%
5-Apr-00,-0.34%,-21.81%
6-Apr-00,0.14%,-19.27%
7-Apr-00,1.25%,-18.74%
10-Apr-00,0.88%,-19.52%
11-Apr-00,0.28%,-20.98%
12-Apr-00,-0.42%,-21.70%
13-Apr-00,-1.52%,-22.50%
14-Apr-00,-5.26%,-24.08%
17-Apr-00,-2.10%,-22.91%
18-Apr-00,0.84%,-19.78%
19-Apr-00,0.42%,-20.93%
20-Apr-00,0.70%,-20.56%
24-Apr-00,0.10%,-21.68%
25-Apr-00,1.27%,-19.80%
26-Apr-00,0.32%,-21.29%
27-Apr-00,0.06%,-21.64%
28-Apr-00,-0.37%,-21.58%
1-May-00,1.24%,-20.17%
2-May-00,0.11%,-20.67%
3-May-00,-2.04%,-22.15%
4-May-00,-1.55%,-21.88%
5-May-00,-0.07%,-19.68%
8-May-00,-0.01%,-19.43%
9-May-00,-0.69%,-20.29%
10-May-00,-0.86%,-20.97%
11-May-00,0.23%,-19.67%
12-May-00,1.01%,-18.95%
15-May-00,2.08%,-17.65%
16-May-00,2.28%,-16.98%
17-May-00,2.29%,-18.65%
18-May-00,2.19%,-19.58%
19-May-00,1.52%,-19.34%
22-May-00,0.96%,-20.28%
23-May-00,0.54%,-21.06%
24-May-00,1.25%,-20.09%
25-May-00,1.31%,-20.37%
26-May-00,1.16%,-20.54%
30-May-00,2.50%,-15.73%
31-May-00,2.20%,-16.52%
1-Jun-00,2.89%,-15.24%
2-Jun-00,3.19%,-16.38%
5-Jun-00,2.90%,-16.05%
6-Jun-00,2.47%,-16.40%
7-Jun-00,2.58%,-16.06%
8-Jun-00,2.14%,-16.38%
9-Jun-00,1.79%,-16.62%
12-Jun-00,1.57%,-16.70%
13-Jun-00,2.42%,-15.60%
14-Jun-00,2.57%,-16.44%
15-Jun-00,2.83%,-16.08%
16-Jun-00,2.54%,-16.77%
19-Jun-00,3.14%,-16.59%
20-Jun-00,3.15%,-17.11%
21-Jun-00,3.22%,-17.10%
22-Jun-00,2.49%,-17.96%
23-Jun-00,2.23%,-18.34%
26-Jun-00,2.48%,-18.06%
27-Jun-00,2.38%,-18.17%
28-Jun-00,3.46%,-17.30%
29-Jun-00,3.95%,-16.65%
30-Jun-00,4.20%,-16.21%
3-Jul-00,4.01%,-16.83%
5-Jul-00,3.10%,-17.91%
6-Jul-00,3.32%,-17.50%
7-Jul-00,3.89%,-13.86%
10-Jul-00,3.86%,-14.08%
11-Jul-00,3.91%,-13.90%
12-Jul-00,3.94%,-13.73%
13-Jul-00,3.98%,-13.63%
14-Jul-00,3.93%,-13.18%
17-Jul-00,3.54%,-13.62%
18-Jul-00,3.50%,-14.01%
19-Jul-00,3.56%,-14.07%
20-Jul-00,3.95%,-13.15%
21-Jul-00,3.70%,-13.71%
24-Jul-00,3.75%,-14.57%
25-Jul-00,3.89%,-14.17%
26-Jul-00,3.52%,-15.00%
27-Jul-00,3.63%,-14.88%
28-Jul-00,3.23%,-15.67%
31-Jul-00,3.31%,-14.97%
1-Aug-00,3.50%,-14.63%
2-Aug-00,3.74%,-14.31%
3-Aug-00,3.94%,-13.94%
4-Aug-00,3.96%,-13.68%
7-Aug-00,4.04%,-12.67%
8-Aug-00,4.03%,-12.60%
9-Aug-00,3.90%,-12.99%
10-Aug-00,3.75%,-13.23%
11-Aug-00,3.83%,-12.97%
14-Aug-00,3.99%,-12.60%
15-Aug-00,4.25%,-12.40%
16-Aug-00,4.34%,-12.77%
17-Aug-00,4.52%,-12.32%
18-Aug-00,4.63%,-12.25%
21-Aug-00,4.46%,-13.54%
22-Aug-00,4.20%,-13.58%
23-Aug-00,4.17%,-13.29%
24-Aug-00,4.19%,-13.34%
25-Aug-00,4.01%,-13.94%
28-Aug-00,4.04%,-13.98%
29-Aug-00,3.92%,-14.06%
30-Aug-00,3.35%,-14.47%
31-Aug-00,3.62%,-13.91%
1-Sep-00,3.47%,-14.45%
5-Sep-00,2.66%,-14.43%
6-Sep-00,2.09%,-15.25%
7-Sep-00,2.49%,-15.33%
8-Sep-00,2.48%,-15.36%
11-Sep-00,2.74%,-15.13%
12-Sep-00,2.85%,-15.11%
13-Sep-00,2.92%,-15.43%
14-Sep-00,3.48%,-14.40%
15-Sep-00,3.15%,-15.07%
18-Sep-00,2.59%,-16.49%
19-Sep-00,2.90%,-16.31%
20-Sep-00,2.83%,-16.48%
21-Sep-00,2.63%,-16.96%
22-Sep-00,1.69%,-17.93%
25-Sep-00,1.81%,-18.96%
26-Sep-00,1.64%,-19.25%
27-Sep-00,1.81%,-19.12%
28-Sep-00,3.06%,-17.54%
29-Sep-00,2.50%,-18.37%
2-Oct-00,2.28%,-19.06%
3-Oct-00,1.85%,-19.68%
4-Oct-00,2.13%,-19.15%
5-Oct-00,2.44%,-18.80%
6-Oct-00,1.45%,-20.37%
9-Oct-00,1.19%,-20.94%
10-Oct-00,0.41%,-21.71%
11-Oct-00,-0.46%,-22.45%
12-Oct-00,-3.17%,-23.53%
13-Oct-00,-1.87%,-22.94%
16-Oct-00,-1.10%,-22.82%
17-Oct-00,-2.64%,-23.65%
18-Oct-00,-3.15%,-24.12%
19-Oct-00,-0.20%,-21.98%
20-Oct-00,0.31%,-21.40%
23-Oct-00,0.32%,-21.50%
24-Oct-00,0.54%,-21.24%
25-Oct-00,-0.98%,-22.64%
26-Oct-00,-1.97%,-22.03%
27-Oct-00,-0.88%,-20.97%
30-Oct-00,-0.59%,-20.45%
31-Oct-00,0.73%,-19.30%
1-Nov-00,0.18%,-19.92%
2-Nov-00,0.10%,-19.97%
3-Nov-00,0.10%,-20.08%
6-Nov-00,-0.09%,-20.43%
7-Nov-00,-0.20%,-20.58%
8-Nov-00,-1.27%,-21.83%
9-Nov-00,-1.23%,-22.06%
10-Nov-00,-3.41%,-19.49%
13-Nov-00,-3.27%,-20.31%
14-Nov-00,-1.59%,-18.97%
15-Nov-00,-1.00%,-19.43%
16-Nov-00,-0.72%,-19.89%
17-Nov-00,-0.53%,-19.22%
20-Nov-00,-1.57%,-20.77%
21-Nov-00,-1.23%,-19.60%
22-Nov-00,-1.95%,-20.58%
24-Nov-00,-1.21%,-19.49%
27-Nov-00,-0.83%,-19.57%
28-Nov-00,-1.19%,-18.93%
29-Nov-00,-0.90%,-18.77%
30-Nov-00,-1.78%,-18.24%
1-Dec-00,-1.47%,-17.96%
4-Dec-00,-1.09%,-17.64%
5-Dec-00,0.46%,-14.59%
6-Dec-00,0.47%,-16.69%
7-Dec-00,0.34%,-16.48%
8-Dec-00,0.94%,-15.44%
11-Dec-00,0.74%,-15.65%
12-Dec-00,-0.23%,-16.77%
13-Dec-00,0.82%,-15.61%
14-Dec-00,0.19%,-16.59%
15-Dec-00,-0.86%,-17.97%
18-Dec-00,-1.84%,-19.25%
19-Dec-00,-1.54%,-17.15%
20-Dec-00,-4.16%,-19.59%
21-Dec-00,-3.09%,-18.67%
22-Dec-00,-2.10%,-17.57%
26-Dec-00,-2.34%,-17.50%
27-Dec-00,-2.07%,-17.29%
28-Dec-00,-1.50%,-17.62%
29-Dec-00,-0.66%,-17.80%
2-Jan-01,-2.89%,-19.83%
3-Jan-01,-0.16%,-17.20%
4-Jan-01,-0.96%,-18.36%
5-Jan-01,-2.04%,-19.81%
8-Jan-01,-2.57%,-20.35%
9-Jan-01,-1.84%,-19.73%
10-Jan-01,-0.83%,-18.78%
11-Jan-01,-0.07%,-17.84%
12-Jan-01,-0.26%,-18.12%
16-Jan-01,0.14%,-17.13%
17-Jan-01,0.05%,-16.87%
18-Jan-01,0.74%,-16.09%
19-Jan-01,0.41%,-16.22%
22-Jan-01,0.51%,-16.23%
23-Jan-01,1.32%,-15.85%
24-Jan-01,1.02%,-15.95%
25-Jan-01,0.91%,-16.22%
26-Jan-01,0.80%,-16.37%
29-Jan-01,0.95%,-16.14%
30-Jan-01,0.60%,-15.78%
31-Jan-01,0.67%,-15.99%
1-Feb-01,0.97%,-15.80%
2-Feb-01,0.48%,-16.65%
5-Feb-01,0.98%,-16.12%
6-Feb-01,0.98%,-16.26%
7-Feb-01,1.13%,-16.41%
8-Feb-01,1.22%,-16.73%
9-Feb-01,1.35%,-16.98%
12-Feb-01,1.51%,-16.75%
13-Feb-01,1.74%,-16.86%
14-Feb-01,1.80%,-16.57%
15-Feb-01,2.26%,-16.89%
16-Feb-01,1.47%,-18.03%
20-Feb-01,0.13%,-18.39%
21-Feb-01,-0.51%,-19.35%
22-Feb-01,-0.74%,-19.29%
23-Feb-01,-1.36%,-18.40%
26-Feb-01,-0.27%,-17.15%
27-Feb-01,-0.46%,-17.55%
28-Feb-01,-1.49%,-18.38%
1-Mar-01,-1.69%,-18.86%
2-Mar-01,-1.84%,-19.16%
5-Mar-01,-1.64%,-18.75%
6-Mar-01,-0.95%,-18.82%
7-Mar-01,-0.12%,-18.33%
8-Mar-01,0.31%,-18.24%
9-Mar-01,-1.09%,-19.97%
12-Mar-01,-4.00%,-20.37%
13-Mar-01,-2.80%,-19.21%
14-Mar-01,-4.18%,-20.57%
15-Mar-01,-3.26%,-18.91%
16-Mar-01,-4.09%,-20.14%
19-Mar-01,-4.21%,-18.87%
20-Mar-01,-5.01%,-20.08%
21-Mar-01,-5.94%,-20.57%
22-Mar-01,-7.40%,-19.67%
23-Mar-01,-5.37%,-18.71%
26-Mar-01,-4.08%,-18.20%
27-Mar-01,-2.63%,-17.56%
28-Mar-01,-3.31%,-18.85%
29-Mar-01,-3.18%,-18.98%
30-Mar-01,-2.75%,-17.95%
2-Apr-01,-4.09%,-18.95%
3-Apr-01,-6.62%,-20.67%
4-Apr-01,-6.25%,-20.23%
5-Apr-01,-3.98%,-18.52%
6-Apr-01,-4.60%,-19.21%
9-Apr-01,-4.98%,-19.66%
10-Apr-01,-3.91%,-18.29%
11-Apr-01,-3.67%,-18.38%
12-Apr-01,-3.14%,-17.50%
16-Apr-01,-2.56%,-16.93%
17-Apr-01,-1.55%,-15.79%
18-Apr-01,-0.43%,-14.56%
19-Apr-01,-0.50%,-14.41%
20-Apr-01,-1.02%,-15.39%
23-Apr-01,-2.36%,-17.39%
24-Apr-01,-2.73%,-18.05%
25-Apr-01,-2.36%,-17.98%
26-Apr-01,-1.68%,-17.23%
27-Apr-01,-0.06%,-16.51%
30-Apr-01,-0.89%,-17.76%
1-May-01,-0.30%,-16.82%
2-May-01,-0.34%,-16.78%
3-May-01,-1.06%,-17.87%
4-May-01,-0.61%,-17.18%
7-May-01,-0.85%,-17.54%
8-May-01,-0.47%,-17.12%
9-May-01,-0.29%,-16.98%
10-May-01,-0.12%,-16.68%
11-May-01,-0.38%,-17.09%
14-May-01,-0.29%,-17.08%
15-May-01,-0.28%,-16.67%
16-May-01,1.14%,-15.55%
17-May-01,0.57%,-15.58%
18-May-01,0.90%,-15.50%
21-May-01,1.21%,-15.01%
22-May-01,1.02%,-15.29%
23-May-01,0.61%,-16.22%
24-May-01,1.30%,-15.63%
25-May-01,0.86%,-16.35%
29-May-01,0.97%,-15.97%
30-May-01,0.57%,-15.96%
31-May-01,0.84%,-15.74%
1-Jun-01,0.96%,-15.43%
4-Jun-01,1.43%,-14.87%
5-Jun-01,2.58%,-14.29%
6-Jun-01,2.16%,-14.94%
7-Jun-01,2.71%,-14.28%
8-Jun-01,2.53%,-14.57%
11-Jun-01,2.13%,-14.68%
12-Jun-01,2.37%,-14.24%
13-Jun-01,1.74%,-14.98%
14-Jun-01,1.22%,-15.60%
15-Jun-01,0.78%,-16.22%
18-Jun-01,0.81%,-16.75%
19-Jun-01,1.08%,-16.46%
20-Jun-01,1.66%,-16.00%
21-Jun-01,2.46%,-14.94%
22-Jun-01,2.32%,-15.08%
25-Jun-01,1.73%,-15.62%
26-Jun-01,1.36%,-15.85%
27-Jun-01,1.03%,-16.10%
28-Jun-01,1.42%,-15.24%
29-Jun-01,1.52%,-15.16%
2-Jul-01,1.60%,-14.71%
3-Jul-01,1.60%,-14.84%
5-Jul-01,1.21%,-15.30%
6-Jul-01,0.50%,-16.60%
9-Jul-01,0.38%,-16.80%
10-Jul-01,-0.05%,-17.56%
11-Jul-01,-0.32%,-17.92%
12-Jul-01,0.52%,-16.75%
13-Jul-01,0.79%,-15.80%
16-Jul-01,0.40%,-16.46%
17-Jul-01,0.22%,-16.31%
18-Jul-01,-0.26%,-16.50%
19-Jul-01,0.09%,-16.09%
20-Jul-01,0.12%,-16.10%
23-Jul-01,-0.47%,-17.07%
24-Jul-01,-1.12%,-17.96%
25-Jul-01,-0.04%,-16.81%
26-Jul-01,0.41%,-16.25%
27-Jul-01,0.62%,-16.24%
30-Jul-01,0.36%,-16.37%
31-Jul-01,0.52%,-16.37%
1-Aug-01,0.83%,-16.30%
2-Aug-01,1.48%,-15.96%
3-Aug-01,1.36%,-16.10%
6-Aug-01,0.92%,-16.65%
7-Aug-01,1.37%,-16.09%
8-Aug-01,0.93%,-16.89%
9-Aug-01,1.11%,-16.47%
10-Aug-01,1.25%,-16.24%
13-Aug-01,1.32%,-16.15%
14-Aug-01,1.42%,-15.91%
15-Aug-01,1.20%,-15.97%
16-Aug-01,1.33%,-15.51%
17-Aug-01,-0.22%,-17.13%
20-Aug-01,-0.24%,-17.35%
21-Aug-01,0.16%,-18.22%
22-Aug-01,0.14%,-17.65%
23-Aug-01,0.49%,-17.65%
24-Aug-01,1.66%,-16.73%
27-Aug-01,1.67%,-16.86%
28-Aug-01,0.97%,-17.85%
29-Aug-01,0.27%,-18.51%
30-Aug-01,-1.18%,-19.63%
31-Aug-01,-1.07%,-19.85%
4-Sep-01,-1.74%,-19.50%
5-Sep-01,-2.10%,-19.56%
6-Sep-01,-3.32%,-20.84%
7-Sep-01,-4.11%,-19.57%
10-Sep-01,-4.52%,-19.48%
17-Sep-01,-11.10%,-24.15%
18-Sep-01,-9.73%,-25.08%
19-Sep-01,-10.29%,-26.32%
20-Sep-01,-12.07%,-26.60%
21-Sep-01,-13.04%,-26.48%
24-Sep-01,-8.13%,-25.23%
25-Sep-01,-7.12%,-24.82%
26-Sep-01,-6.54%,-25.26%
27-Sep-01,-5.95%,-24.44%
28-Sep-01,-4.20%,-22.49%
1-Oct-01,-4.54%,-22.61%
2-Oct-01,-3.82%,-21.84%
3-Oct-01,-3.36%,-20.81%
4-Oct-01,-3.78%,-21.89%
5-Oct-01,-3.91%,-22.06%
8-Oct-01,-5.61%,-22.95%
9-Oct-01,-5.81%,-23.52%
10-Oct-01,-3.66%,-21.99%
11-Oct-01,-3.74%,-21.31%
12-Oct-01,-5.42%,-21.60%
15-Oct-01,-6.34%,-21.99%
16-Oct-01,-5.37%,-21.68%
17-Oct-01,-6.08%,-23.04%
18-Oct-01,-6.23%,-23.48%
19-Oct-01,-5.41%,-23.47%
22-Oct-01,-4.04%,-22.79%
23-Oct-01,-3.96%,-22.88%
24-Oct-01,-3.53%,-22.55%
25-Oct-01,-2.82%,-21.65%
26-Oct-01,-2.61%,-21.37%
29-Oct-01,-3.89%,-23.24%
30-Oct-01,-4.94%,-24.41%
31-Oct-01,-4.82%,-24.38%
1-Nov-01,-3.96%,-22.70%
2-Nov-01,-3.74%,-22.61%
5-Nov-01,-3.15%,-21.81%
6-Nov-01,-1.92%,-21.21%
7-Nov-01,-2.17%,-21.55%
8-Nov-01,-1.91%,-22.74%
9-Nov-01,-1.68%,-22.08%
12-Nov-01,-2.34%,-22.39%
13-Nov-01,-1.18%,-21.40%
14-Nov-01,-0.92%,-21.52%
15-Nov-01,-0.20%,-20.44%
16-Nov-01,-0.19%,-21.13%
19-Nov-01,0.31%,-21.38%
20-Nov-01,-0.15%,-22.21%
21-Nov-01,-0.19%,-22.79%
23-Nov-01,0.42%,-21.59%
26-Nov-01,0.69%,-20.94%
27-Nov-01,0.35%,-21.52%
28-Nov-01,-0.55%,-22.09%
29-Nov-01,-0.17%,-21.36%
30-Nov-01,-0.34%,-21.44%
3-Dec-01,-0.60%,-22.05%
4-Dec-01,0.35%,-21.26%
5-Dec-01,1.46%,-19.42%
6-Dec-01,0.92%,-19.76%
7-Dec-01,0.62%,-20.01%
10-Dec-01,-0.44%,-21.11%
11-Dec-01,0.05%,-21.00%
12-Dec-01,0.45%,-19.70%
13-Dec-01,0.22%,-20.62%
14-Dec-01,0.15%,-20.21%
17-Dec-01,1.06%,-19.14%
18-Dec-01,1.46%,-19.28%
19-Dec-01,1.72%,-18.92%
20-Dec-01,1.58%,-19.37%
21-Dec-01,1.73%,-19.08%
24-Dec-01,1.72%,-19.10%
26-Dec-01,2.00%,-18.71%
27-Dec-01,2.25%,-18.30%
28-Dec-01,2.30%,-18.37%
31-Dec-01,1.39%,-19.65%
2-Jan-02,1.27%,-18.79%
3-Jan-02,2.18%,-18.34%
4-Jan-02,2.17%,-18.55%
7-Jan-02,1.92%,-18.98%
8-Jan-02,1.77%,-19.50%
9-Jan-02,1.49%,-20.40%
10-Jan-02,1.53%,-20.38%
11-Jan-02,1.10%,-21.47%
14-Jan-02,0.79%,-21.54%
15-Jan-02,1.13%,-21.07%
16-Jan-02,1.02%,-21.49%
17-Jan-02,1.61%,-20.65%
18-Jan-02,1.05%,-21.46%
22-Jan-02,0.63%,-21.28%
23-Jan-02,1.38%,-20.31%
24-Jan-02,2.07%,-20.27%
25-Jan-02,2.17%,-20.13%
28-Jan-02,1.90%,-20.36%
29-Jan-02,-0.40%,-22.85%
30-Jan-02,0.05%,-22.14%
31-Jan-02,1.28%,-20.69%
1-Feb-02,0.74%,-21.11%
4-Feb-02,-1.12%,-22.90%
5-Feb-02,-1.44%,-23.02%
6-Feb-02,-1.70%,-23.46%
7-Feb-02,-1.27%,-23.29%
8-Feb-02,-0.32%,-22.16%
11-Feb-02,0.92%,-21.07%
12-Feb-02,0.94%,-21.25%
13-Feb-02,1.88%,-20.21%
14-Feb-02,0.94%,-20.78%
15-Feb-02,0.44%,-21.82%
19-Feb-02,-0.65%,-22.34%
20-Feb-02,0.26%,-21.06%
21-Feb-02,-0.37%,-21.86%
22-Feb-02,-0.34%,-21.54%
25-Feb-02,0.92%,-20.94%
26-Feb-02,0.92%,-20.97%
27-Feb-02,0.66%,-21.48%
28-Feb-02,0.61%,-21.68%
1-Mar-02,1.95%,-19.97%
4-Mar-02,1.76%,-19.99%
5-Mar-02,1.28%,-19.15%
6-Mar-02,1.90%,-18.08%
7-Mar-02,1.46%,-18.75%
8-Mar-02,1.13%,-19.16%
11-Mar-02,0.91%,-18.26%
12-Mar-02,1.54%,-17.36%
13-Mar-02,0.97%,-17.72%
14-Mar-02,1.69%,-16.45%
15-Mar-02,2.11%,-16.39%
18-Mar-02,1.74%,-17.50%
19-Mar-02,1.99%,-17.54%
20-Mar-02,1.70%,-18.12%
21-Mar-02,2.03%,-17.75%
22-Mar-02,2.13%,-17.55%
25-Mar-02,1.25%,-17.81%
26-Mar-02,1.76%,-17.07%
27-Mar-02,1.90%,-16.76%
28-Mar-02,1.96%,-16.69%
1-Apr-02,1.30%,-17.11%
2-Apr-02,0.86%,-17.85%
3-Apr-02,0.79%,-18.20%
4-Apr-02,0.66%,-18.31%
5-Apr-02,0.85%,-17.16%
8-Apr-02,1.06%,-17.14%
9-Apr-02,1.14%,-17.17%
10-Apr-02,1.97%,-16.46%
11-Apr-02,0.61%,-18.83%
12-Apr-02,0.84%,-18.35%
15-Apr-02,0.80%,-18.64%
16-Apr-02,1.91%,-16.84%
17-Apr-02,1.60%,-17.02%
18-Apr-02,1.16%,-17.15%
19-Apr-02,1.52%,-16.66%
22-Apr-02,0.81%,-18.72%
23-Apr-02,0.75%,-18.68%
24-Apr-02,0.24%,-19.41%
25-Apr-02,0.18%,-19.35%
26-Apr-02,-1.15%,-20.75%
29-Apr-02,-1.55%,-21.09%
30-Apr-02,-0.63%,-18.48%
1-May-02,1.11%,-18.46%
2-May-02,1.15%,-18.59%
3-May-02,0.77%,-19.10%
6-May-02,-0.19%,-18.51%
7-May-02,-0.25%,-18.70%
8-May-02,1.03%,-18.14%
9-May-02,0.21%,-19.14%
10-May-02,-0.67%,-20.28%
13-May-02,0.14%,-19.38%
14-May-02,1.17%,-17.32%
15-May-02,1.22%,-16.59%
16-May-02,1.38%,-16.42%
17-May-02,2.16%,-15.49%
20-May-02,1.41%,-17.25%
21-May-02,1.18%,-18.31%
22-May-02,1.25%,-17.39%
23-May-02,2.30%,-16.81%
24-May-02,1.79%,-17.60%
28-May-02,0.97%,-17.95%
29-May-02,1.03%,-18.02%
30-May-02,1.05%,-17.26%
31-May-02,1.35%,-17.01%
3-Jun-02,0.06%,-18.86%
4-Jun-02,-0.74%,-19.58%
5-Jun-02,-0.21%,-18.71%
6-Jun-02,-0.88%,-19.52%
7-Jun-02,-0.90%,-18.92%
10-Jun-02,-0.51%,-18.78%
11-Jun-02,-1.07%,-19.37%
12-Jun-02,-0.91%,-19.34%
13-Jun-02,-1.02%,-19.62%
14-Jun-02,-1.99%,-20.55%
17-Jun-02,-0.97%,-20.16%
18-Jun-02,-0.93%,-20.71%
19-Jun-02,-2.01%,-22.05%
20-Jun-02,-2.83%,-22.35%
21-Jun-02,-2.79%,-22.47%
24-Jun-02,-2.59%,-22.10%
25-Jun-02,-3.09%,-22.43%
26-Jun-02,-3.21%,-22.60%
27-Jun-02,-2.45%,-21.82%
28-Jun-02,-2.08%,-21.52%
1-Jul-02,-2.82%,-22.12%
2-Jul-02,-3.90%,-22.30%
3-Jul-02,-3.61%,-22.21%
5-Jul-02,-2.28%,-19.02%
8-Jul-02,-3.12%,-21.30%
9-Jul-02,-4.22%,-21.98%
10-Jul-02,-6.73%,-20.54%
11-Jul-02,-6.96%,-20.89%
12-Jul-02,-7.15%,-21.14%
15-Jul-02,-8.56%,-19.50%
16-Jul-02,-9.19%,-20.22%
17-Jul-02,-8.12%,-19.70%
18-Jul-02,-7.86%,-20.39%
19-Jul-02,-9.63%,-22.36%
22-Jul-02,-13.06%,-24.88%
23-Jul-02,-15.06%,-23.29%
24-Jul-02,-11.61%,-22.44%
25-Jul-02,-12.42%,-22.95%
26-Jul-02,-9.78%,-21.75%
29-Jul-02,-7.06%,-20.00%
30-Jul-02,-6.31%,-19.97%
31-Jul-02,-6.29%,-19.17%
1-Aug-02,-8.92%,-19.61%
2-Aug-02,-10.54%,-20.86%
5-Aug-02,-12.54%,-21.50%
6-Aug-02,-10.95%,-21.24%
7-Aug-02,-9.32%,-18.73%
8-Aug-02,-7.91%,-21.17%
9-Aug-02,-7.22%,-20.62%
12-Aug-02,-8.34%,-21.91%
13-Aug-02,-7.84%,-21.21%
14-Aug-02,-5.42%,-19.68%
15-Aug-02,-4.19%,-19.15%
16-Aug-02,-3.81%,-20.02%
19-Aug-02,-3.25%,-19.75%
20-Aug-02,-3.76%,-20.69%
21-Aug-02,-2.50%,-19.49%
22-Aug-02,-2.15%,-19.17%
23-Aug-02,-3.88%,-21.08%
26-Aug-02,-3.61%,-20.70%
27-Aug-02,-3.61%,-21.08%
28-Aug-02,-4.96%,-24.02%
29-Aug-02,-5.01%,-24.04%
30-Aug-02,-5.16%,-24.22%
3-Sep-02,-8.63%,-26.82%
4-Sep-02,-7.25%,-25.18%
5-Sep-02,-8.07%,-26.45%
6-Sep-02,-7.11%,-25.39%
9-Sep-02,-6.28%,-24.51%
10-Sep-02,-5.84%,-24.02%
11-Sep-02,-5.76%,-23.82%
12-Sep-02,-7.11%,-25.28%
13-Sep-02,-6.58%,-25.27%
16-Sep-02,-6.54%,-25.33%
17-Sep-02,-7.29%,-26.42%
18-Sep-02,-7.55%,-26.71%
19-Sep-02,-8.91%,-27.73%
20-Sep-02,-7.98%,-27.20%
23-Sep-02,-8.60%,-27.12%
24-Sep-02,-9.14%,-27.65%
25-Sep-02,-6.15%,-22.62%
26-Sep-02,-4.17%,-21.26%
27-Sep-02,-5.97%,-22.76%
30-Sep-02,-7.50%,-23.32%
1-Oct-02,-4.90%,-19.68%
2-Oct-02,-6.94%,-21.24%
3-Oct-02,-7.31%,-21.45%
4-Oct-02,-8.11%,-21.90%
7-Oct-02,-9.87%,-22.59%
8-Oct-02,-8.41%,-20.85%
9-Oct-02,-9.30%,-20.97%
10-Oct-02,-7.97%,-20.53%
11-Oct-02,-6.96%,-19.91%
14-Oct-02,-6.84%,-19.90%
15-Oct-02,-5.07%,-18.64%
16-Oct-02,-6.65%,-19.74%
17-Oct-02,-5.57%,-19.19%
18-Oct-02,-5.31%,-19.06%
21-Oct-02,-4.94%,-18.81%
22-Oct-02,-5.27%,-19.27%
23-Oct-02,-4.97%,-19.82%
24-Oct-02,-5.20%,-20.11%
25-Oct-02,-3.83%,-18.28%
28-Oct-02,-3.85%,-18.40%
29-Oct-02,-4.30%,-18.89%
30-Oct-02,-3.88%,-19.74%
31-Oct-02,-3.56%,-19.56%
1-Nov-02,-3.53%,-19.18%
4-Nov-02,-3.30%,-19.43%
5-Nov-02,-3.38%,-19.62%
6-Nov-02,-2.63%,-19.20%
7-Nov-02,-3.41%,-20.36%
8-Nov-02,-3.19%,-20.27%
11-Nov-02,-4.10%,-21.60%
12-Nov-02,-3.49%,-20.10%
13-Nov-02,-3.19%,-20.11%
14-Nov-02,-1.28%,-17.37%
15-Nov-02,-0.69%,-16.75%
18-Nov-02,-1.14%,-19.02%
19-Nov-02,-0.67%,-19.03%
20-Nov-02,1.02%,-18.40%
21-Nov-02,1.75%,-18.32%
22-Nov-02,1.54%,-18.58%
25-Nov-02,1.10%,-18.66%
26-Nov-02,0.09%,-20.43%
27-Nov-02,-1.28%,-18.68%
29-Nov-02,-1.29%,-17.35%
2-Dec-02,-1.21%,-17.52%
3-Dec-02,-1.77%,-18.34%
4-Dec-02,-1.88%,-18.23%
5-Dec-02,-2.38%,-19.21%
6-Dec-02,-1.64%,-18.53%
9-Dec-02,-2.85%,-19.99%
10-Dec-02,-1.24%,-18.53%
11-Dec-02,-0.64%,-17.87%
12-Dec-02,-0.51%,-17.72%
13-Dec-02,-1.47%,-18.97%
16-Dec-02,-0.11%,-17.12%
17-Dec-02,0.13%,-16.83%
18-Dec-02,-0.78%,-18.14%
19-Dec-02,-2.16%,-21.14%
20-Dec-02,-0.99%,-19.86%
23-Dec-02,-0.02%,-18.84%
24-Dec-02,-0.29%,-18.98%
26-Dec-02,-0.50%,-19.05%
27-Dec-02,-1.22%,-20.02%
30-Dec-02,-1.31%,-20.17%
31-Dec-02,-1.30%,-19.90%
2-Jan-03,0.90%,-18.92%
3-Jan-03,1.16%,-19.33%
6-Jan-03,1.68%,-18.30%
7-Jan-03,1.32%,-18.77%
8-Jan-03,1.22%,-18.55%
9-Jan-03,2.03%,-17.40%
10-Jan-03,1.98%,-17.47%
13-Jan-03,1.64%,-17.72%
14-Jan-03,1.90%,-17.21%
15-Jan-03,1.31%,-17.93%
16-Jan-03,1.17%,-17.13%
17-Jan-03,0.82%,-17.81%
21-Jan-03,0.22%,-18.72%
22-Jan-03,-0.64%,-20.87%
23-Jan-03,-0.22%,-20.26%
24-Jan-03,-3.01%,-21.74%
27-Jan-03,-5.41%,-22.67%
28-Jan-03,-3.10%,-20.69%
29-Jan-03,-2.38%,-20.01%
30-Jan-03,-3.34%,-20.04%
31-Jan-03,-2.41%,-19.32%
3-Feb-03,-2.38%,-19.20%
4-Feb-03,-3.31%,-19.71%
5-Feb-03,-4.36%,-20.57%
6-Feb-03,-4.64%,-20.86%
7-Feb-03,-5.43%,-21.31%
10-Feb-03,-5.23%,-20.49%
11-Feb-03,-4.88%,-20.37%
12-Feb-03,-5.39%,-20.71%
13-Feb-03,-5.87%,-20.77%
14-Feb-03,-5.49%,-20.31%
18-Feb-03,-4.13%,-18.46%
19-Feb-03,-4.03%,-18.59%
20-Feb-03,-4.02%,-18.48%
21-Feb-03,-3.68%,-18.03%
24-Feb-03,-4.24%,-18.97%
25-Feb-03,-4.06%,-18.86%
26-Feb-03,-4.40%,-19.47%
27-Feb-03,-3.47%,-18.53%
28-Feb-03,-3.10%,-18.21%
3-Mar-03,-3.35%,-18.60%
4-Mar-03,-4.47%,-19.56%
5-Mar-03,-3.71%,-18.96%
6-Mar-03,-4.05%,-19.49%
7-Mar-03,-3.74%,-19.10%
10-Mar-03,-5.99%,-18.28%
11-Mar-03,-6.15%,-16.83%
12-Mar-03,-6.33%,-16.93%
13-Mar-03,-4.70%,-15.99%
14-Mar-03,-5.32%,-16.43%
17-Mar-03,-5.53%,-15.77%
18-Mar-03,-5.16%,-15.51%
19-Mar-03,-4.74%,-14.89%
20-Mar-03,-3.34%,-13.85%
21-Mar-03,-4.12%,-15.91%
24-Mar-03,-5.45%,-17.94%
25-Mar-03,-4.03%,-16.65%
26-Mar-03,-3.25%,-16.12%
27-Mar-03,-3.31%,-16.26%
28-Mar-03,-3.60%,-16.73%
31-Mar-03,-3.99%,-17.50%
1-Apr-03,-3.17%,-16.62%
2-Apr-03,-2.46%,-16.25%
3-Apr-03,-3.11%,-16.21%
4-Apr-03,-3.92%,-16.96%
7-Apr-03,-2.98%,-15.89%
8-Apr-03,-2.42%,-14.86%
9-Apr-03,-2.76%,-15.23%
10-Apr-03,-1.67%,-14.69%
11-Apr-03,-1.15%,-15.00%
14-Apr-03,-0.21%,-13.46%
15-Apr-03,0.41%,-13.49%
16-Apr-03,0.01%,-15.26%
17-Apr-03,0.48%,-14.53%
21-Apr-03,0.70%,-14.25%
22-Apr-03,1.38%,-13.77%
23-Apr-03,0.71%,-14.58%
24-Apr-03,1.06%,-14.34%
25-Apr-03,0.70%,-14.91%
28-Apr-03,0.94%,-14.34%
29-Apr-03,1.10%,-13.18%
30-Apr-03,0.97%,-13.47%
1-May-03,0.59%,-13.89%
2-May-03,0.48%,-13.91%
5-May-03,0.69%,-13.58%
6-May-03,0.93%,-13.19%
7-May-03,0.78%,-13.45%
8-May-03,0.77%,-13.65%
9-May-03,1.19%,-12.49%
12-May-03,1.47%,-12.53%
13-May-03,1.39%,-12.60%
14-May-03,1.41%,-12.71%
15-May-03,1.75%,-12.35%
16-May-03,2.15%,-12.02%
19-May-03,1.13%,-14.22%
20-May-03,0.78%,-15.09%
21-May-03,0.99%,-15.11%
22-May-03,2.03%,-14.96%
23-May-03,2.02%,-14.94%
27-May-03,1.97%,-14.48%
28-May-03,1.69%,-15.39%
29-May-03,1.51%,-15.66%
30-May-03,1.96%,-14.83%
2-Jun-03,0.95%,-15.86%
3-Jun-03,0.59%,-16.07%
4-Jun-03,0.76%,-15.76%
5-Jun-03,0.53%,-15.96%
6-Jun-03,-0.12%,-16.45%
9-Jun-03,-0.54%,-14.55%
10-Jun-03,0.27%,-13.41%
11-Jun-03,0.39%,-13.06%
12-Jun-03,0.41%,-13.96%
13-Jun-03,0.15%,-14.37%
16-Jun-03,0.27%,-13.95%
17-Jun-03,0.31%,-13.88%
18-Jun-03,0.48%,-13.58%
19-Jun-03,0.66%,-13.42%
20-Jun-03,0.71%,-13.23%
23-Jun-03,0.30%,-14.06%
24-Jun-03,0.15%,-14.39%
25-Jun-03,-0.08%,-14.86%
26-Jun-03,0.83%,-13.71%
27-Jun-03,0.56%,-14.21%
30-Jun-03,0.69%,-14.17%
1-Jul-03,0.88%,-14.29%
2-Jul-03,1.15%,-14.24%
3-Jul-03,0.66%,-14.82%
7-Jul-03,0.83%,-14.20%
8-Jul-03,0.94%,-14.10%
9-Jul-03,1.15%,-13.99%
10-Jul-03,0.99%,-14.43%
11-Jul-03,1.35%,-13.76%
14-Jul-03,1.16%,-13.97%
15-Jul-03,1.09%,-12.93%
16-Jul-03,0.93%,-13.05%
17-Jul-03,0.62%,-13.47%
18-Jul-03,0.86%,-13.11%
21-Jul-03,0.79%,-13.53%
22-Jul-03,1.01%,-13.28%
23-Jul-03,1.47%,-12.73%
24-Jul-03,1.57%,-12.38%
25-Jul-03,1.68%,-12.30%
28-Jul-03,1.53%,-12.42%
29-Jul-03,1.35%,-12.73%
30-Jul-03,1.31%,-12.84%
31-Jul-03,0.86%,-13.43%
1-Aug-03,-0.08%,-14.84%
4-Aug-03,0.18%,-14.81%
5-Aug-03,-0.26%,-15.47%
6-Aug-03,0.24%,-15.25%
7-Aug-03,1.30%,-14.41%
8-Aug-03,1.45%,-14.48%
11-Aug-03,1.21%,-14.69%
12-Aug-03,2.14%,-13.37%
13-Aug-03,1.97%,-13.55%
14-Aug-03,2.33%,-13.08%
15-Aug-03,2.33%,-13.24%
18-Aug-03,2.77%,-13.34%
19-Aug-03,2.93%,-13.38%
20-Aug-03,2.84%,-13.68%
21-Aug-03,2.85%,-13.61%
22-Aug-03,2.35%,-14.27%
25-Aug-03,2.04%,-14.82%
26-Aug-03,1.86%,-15.04%
27-Aug-03,2.11%,-14.82%
28-Aug-03,2.25%,-14.75%
29-Aug-03,2.33%,-14.62%
2-Sep-03,2.00%,-14.80%
3-Sep-03,1.91%,-14.93%
4-Sep-03,1.94%,-14.96%
5-Sep-03,2.44%,-14.51%
8-Sep-03,2.53%,-14.00%
9-Sep-03,2.24%,-15.14%
10-Sep-03,1.33%,-16.30%
11-Sep-03,1.71%,-15.97%
12-Sep-03,1.75%,-15.81%
15-Sep-03,1.59%,-15.96%
16-Sep-03,2.54%,-14.89%
17-Sep-03,2.40%,-15.07%
18-Sep-03,3.04%,-13.75%
19-Sep-03,3.00%,-13.87%
22-Sep-03,1.52%,-15.88%
23-Sep-03,1.75%,-14.63%
24-Sep-03,1.13%,-15.41%
25-Sep-03,0.59%,-16.05%
26-Sep-03,0.49%,-16.16%
29-Sep-03,0.90%,-16.19%
30-Sep-03,0.57%,-16.92%
1-Oct-03,1.32%,-15.94%
2-Oct-03,1.22%,-16.10%
3-Oct-03,1.93%,-15.36%
6-Oct-03,2.02%,-15.20%
7-Oct-03,1.90%,-14.93%
8-Oct-03,1.84%,-15.11%
9-Oct-03,2.10%,-14.71%
10-Oct-03,2.39%,-14.37%
13-Oct-03,2.30%,-14.29%
14-Oct-03,2.45%,-14.12%
15-Oct-03,2.40%,-13.99%
16-Oct-03,2.50%,-13.63%
17-Oct-03,2.48%,-13.85%
20-Oct-03,2.72%,-14.48%
21-Oct-03,3.15%,-14.23%
22-Oct-03,2.36%,-15.24%
23-Oct-03,2.44%,-15.22%
24-Oct-03,2.22%,-15.50%
27-Oct-03,2.38%,-15.37%
28-Oct-03,2.91%,-14.68%
29-Oct-03,3.10%,-14.61%
30-Oct-03,3.01%,-14.65%
31-Oct-03,3.04%,-14.92%
3-Nov-03,2.93%,-14.86%
4-Nov-03,2.71%,-15.15%
5-Nov-03,2.64%,-15.28%
6-Nov-03,2.84%,-14.88%
7-Nov-03,2.67%,-15.10%
10-Nov-03,1.81%,-15.93%
11-Nov-03,2.22%,-15.63%
12-Nov-03,2.77%,-14.83%
13-Nov-03,2.74%,-14.91%
14-Nov-03,2.48%,-15.01%
17-Nov-03,1.56%,-15.73%
18-Nov-03,1.28%,-16.19%
19-Nov-03,1.39%,-17.73%
20-Nov-03,1.35%,-18.37%
21-Nov-03,1.51%,-18.30%
24-Nov-03,2.59%,-18.98%
25-Nov-03,2.89%,-18.84%
26-Nov-03,3.03%,-18.51%
28-Nov-03,2.98%,-18.63%
1-Dec-03,2.79%,-18.73%
2-Dec-03,2.63%,-19.00%
3-Dec-03,2.45%,-18.87%
4-Dec-03,2.59%,-17.70%
5-Dec-03,2.19%,-18.08%
8-Dec-03,2.04%,-17.68%
9-Dec-03,1.95%,-18.07%
10-Dec-03,1.90%,-18.10%
11-Dec-03,2.64%,-17.30%
12-Dec-03,2.39%,-17.24%
15-Dec-03,1.73%,-17.82%
16-Dec-03,2.45%,-16.98%
17-Dec-03,2.71%,-16.70%
18-Dec-03,2.34%,-16.90%
19-Dec-03,1.89%,-17.27%
22-Dec-03,1.52%,-17.27%
23-Dec-03,1.61%,-17.10%
24-Dec-03,1.51%,-17.28%
26-Dec-03,1.51%,-16.96%
29-Dec-03,1.09%,-17.64%
30-Dec-03,1.03%,-17.85%
31-Dec-03,0.60%,-18.41%
2-Jan-04,0.36%,-18.90%
5-Jan-04,0.66%,-18.26%
6-Jan-04,1.37%,-16.99%
7-Jan-04,0.84%,-18.29%
8-Jan-04,0.37%,-18.28%
9-Jan-04,0.22%,-18.92%
12-Jan-04,0.04%,-18.80%
13-Jan-04,0.06%,-19.10%
14-Jan-04,0.56%,-18.45%
15-Jan-04,1.02%,-17.40%
16-Jan-04,1.24%,-17.10%
20-Jan-04,0.78%,-17.44%
21-Jan-04,1.12%,-16.50%
22-Jan-04,1.42%,-16.58%
23-Jan-04,1.25%,-16.73%
26-Jan-04,1.11%,-16.79%
27-Jan-04,1.12%,-16.81%
28-Jan-04,0.49%,-17.75%
29-Jan-04,0.55%,-18.02%
30-Jan-04,0.65%,-18.09%
2-Feb-04,0.58%,-18.19%
3-Feb-04,1.03%,-18.16%
4-Feb-04,0.82%,-18.47%
5-Feb-04,1.07%,-17.98%
6-Feb-04,2.01%,-16.57%
9-Feb-04,1.90%,-16.92%
10-Feb-04,2.17%,-16.85%
11-Feb-04,2.37%,-16.47%
12-Feb-04,2.43%,-16.72%
13-Feb-04,2.20%,-17.06%
17-Feb-04,2.11%,-17.10%
18-Feb-04,2.04%,-17.31%
19-Feb-04,1.97%,-17.40%
20-Feb-04,1.76%,-17.64%
23-Feb-04,1.51%,-16.97%
24-Feb-04,1.87%,-16.71%
25-Feb-04,2.60%,-16.35%
26-Feb-04,2.56%,-16.35%
27-Feb-04,2.94%,-16.11%
1-Mar-04,2.74%,-15.86%
2-Mar-04,2.77%,-15.88%
3-Mar-04,2.85%,-15.79%
4-Mar-04,2.96%,-15.06%
5-Mar-04,2.82%,-15.23%
8-Mar-04,2.26%,-16.06%
9-Mar-04,1.72%,-16.98%
10-Mar-04,1.21%,-17.54%
11-Mar-04,-0.81%,-18.89%
12-Mar-04,0.62%,-17.49%
15-Mar-04,-0.84%,-19.42%
16-Mar-04,-0.15%,-18.83%
17-Mar-04,1.11%,-17.61%
18-Mar-04,1.15%,-18.16%
19-Mar-04,1.08%,-19.65%
22-Mar-04,0.06%,-21.03%
23-Mar-04,0.81%,-20.32%
24-Mar-04,0.93%,-20.25%
25-Mar-04,2.60%,-18.73%
26-Mar-04,2.82%,-18.24%
29-Mar-04,2.81%,-17.60%
30-Mar-04,2.91%,-17.34%
31-Mar-04,2.67%,-18.38%
1-Apr-04,2.48%,-20.65%
2-Apr-04,3.19%,-19.83%
5-Apr-04,3.70%,-19.65%
6-Apr-04,3.66%,-19.86%
7-Apr-04,3.11%,-20.44%
8-Apr-04,2.93%,-20.43%
12-Apr-04,3.08%,-20.05%
13-Apr-04,2.18%,-21.06%
14-Apr-04,2.96%,-19.20%
15-Apr-04,3.31%,-18.53%
16-Apr-04,3.84%,-18.42%
19-Apr-04,3.89%,-19.10%
20-Apr-04,3.18%,-20.21%
21-Apr-04,3.39%,-20.10%
22-Apr-04,4.31%,-18.65%
23-Apr-04,4.32%,-18.66%
26-Apr-04,4.02%,-18.21%
27-Apr-04,4.00%,-19.00%
28-Apr-04,2.98%,-19.35%
29-Apr-04,2.72%,-18.17%
30-Apr-04,2.70%,-17.75%
3-May-04,2.72%,-17.78%
4-May-04,2.95%,-16.94%
5-May-04,2.95%,-16.69%
6-May-04,2.26%,-17.68%
7-May-04,2.14%,-17.91%
10-May-04,1.06%,-18.30%
11-May-04,1.73%,-17.52%
12-May-04,1.50%,-17.78%
13-May-04,1.57%,-17.79%
14-May-04,1.55%,-17.83%
17-May-04,0.50%,-18.86%
18-May-04,1.08%,-18.20%
19-May-04,1.42%,-19.48%
20-May-04,1.47%,-19.22%
21-May-04,1.67%,-18.87%
24-May-04,1.79%,-19.01%
25-May-04,2.86%,-17.66%
26-May-04,2.99%,-18.49%
27-May-04,3.36%,-18.72%
28-May-04,3.30%,-19.25%
1-Jun-04,2.82%,-19.12%
2-Jun-04,2.92%,-19.13%
3-Jun-04,2.52%,-19.80%
4-Jun-04,3.06%,-19.29%
7-Jun-04,3.89%,-19.93%
8-Jun-04,4.01%,-18.97%
9-Jun-04,3.89%,-19.63%
10-Jun-04,4.09%,-19.44%
14-Jun-04,3.41%,-20.30%
15-Jun-04,3.63%,-19.89%
16-Jun-04,3.89%,-19.30%
17-Jun-04,3.53%,-19.64%
18-Jun-04,3.66%,-20.85%
21-Jun-04,3.01%,-21.27%
22-Jun-04,3.47%,-19.24%
23-Jun-04,3.96%,-18.44%
24-Jun-04,3.50%,-19.26%
25-Jun-04,3.00%,-19.91%
28-Jun-04,2.61%,-20.43%
29-Jun-04,2.77%,-20.35%
30-Jun-04,3.38%,-19.20%
1-Jul-04,3.04%,-19.25%
2-Jul-04,3.26%,-19.26%
6-Jul-04,2.37%,-20.45%
7-Jul-04,3.19%,-19.57%
8-Jul-04,2.81%,-20.03%
9-Jul-04,3.03%,-19.84%
12-Jul-04,3.13%,-19.93%
13-Jul-04,3.45%,-18.87%
14-Jul-04,4.19%,-17.73%
15-Jul-04,4.15%,-17.35%
16-Jul-04,4.11%,-17.59%
19-Jul-04,4.19%,-18.27%
20-Jul-04,4.93%,-16.69%
21-Jul-04,3.98%,-18.24%
22-Jul-04,3.97%,-18.16%
23-Jul-04,3.42%,-18.92%
26-Jul-04,3.02%,-19.34%
27-Jul-04,3.41%,-18.72%
28-Jul-04,3.30%,-18.82%
29-Jul-04,3.95%,-18.02%
30-Jul-04,4.11%,-17.74%
2-Aug-04,4.01%,-17.55%
3-Aug-04,3.81%,-17.87%
4-Aug-04,3.47%,-18.24%
5-Aug-04,2.49%,-19.61%
6-Aug-04,1.66%,-20.53%
9-Aug-04,2.02%,-20.20%
10-Aug-04,2.76%,-18.86%
11-Aug-04,2.60%,-19.13%
12-Aug-04,1.81%,-20.37%
13-Aug-04,2.61%,-19.35%
16-Aug-04,3.15%,-18.71%
17-Aug-04,3.24%,-18.57%
18-Aug-04,3.98%,-17.79%
19-Aug-04,3.44%,-19.18%
20-Aug-04,3.83%,-18.17%
23-Aug-04,3.53%,-18.50%
24-Aug-04,3.80%,-18.13%
25-Aug-04,4.06%,-17.64%
26-Aug-04,4.25%,-17.39%
27-Aug-04,4.30%,-17.28%
30-Aug-04,3.68%,-18.08%
31-Aug-04,3.81%,-17.61%
1-Sep-04,3.94%,-17.33%
2-Sep-04,4.18%,-16.97%
3-Sep-04,4.27%,-17.35%
7-Sep-04,4.21%,-17.24%
8-Sep-04,4.21%,-17.31%
9-Sep-04,4.15%,-17.04%
10-Sep-04,4.26%,-17.33%
13-Sep-04,4.04%,-17.35%
14-Sep-04,4.09%,-17.20%
15-Sep-04,3.61%,-17.85%
16-Sep-04,3.67%,-17.46%
17-Sep-04,3.70%,-17.14%
20-Sep-04,3.33%,-17.68%
21-Sep-04,3.83%,-16.85%
22-Sep-04,3.24%,-17.74%
23-Sep-04,3.00%,-18.12%
24-Sep-04,3.34%,-17.69%
27-Sep-04,2.89%,-18.11%
28-Sep-04,3.59%,-17.08%
29-Sep-04,3.63%,-16.53%
30-Sep-04,3.56%,-16.77%
1-Oct-04,3.61%,-16.05%
4-Oct-04,3.12%,-16.87%
5-Oct-04,3.08%,-16.93%
6-Oct-04,3.29%,-16.47%
7-Oct-04,2.93%,-17.19%
8-Oct-04,2.59%,-17.53%
11-Oct-04,2.02%,-17.90%
12-Oct-04,1.91%,-18.07%
13-Oct-04,1.61%,-18.18%
14-Oct-04,1.22%,-18.02%
15-Oct-04,1.40%,-17.94%
18-Oct-04,1.97%,-17.85%
19-Oct-04,2.05%,-18.89%
20-Oct-04,2.05%,-19.04%
21-Oct-04,2.26%,-18.61%
22-Oct-04,1.80%,-19.08%
25-Oct-04,1.22%,-19.93%
26-Oct-04,1.71%,-19.34%
27-Oct-04,1.64%,-19.22%
28-Oct-04,1.72%,-19.10%
29-Oct-04,1.79%,-19.03%
1-Nov-04,1.10%,-19.79%
2-Nov-04,1.22%,-19.44%
3-Nov-04,2.19%,-18.19%
4-Nov-04,2.16%,-17.82%
5-Nov-04,2.32%,-17.54%
8-Nov-04,1.93%,-18.18%
9-Nov-04,2.29%,-17.23%
10-Nov-04,2.21%,-15.67%
11-Nov-04,2.79%,-15.25%
12-Nov-04,2.56%,-15.56%
15-Nov-04,2.29%,-16.11%
16-Nov-04,2.04%,-16.63%
17-Nov-04,2.60%,-16.12%
18-Nov-04,2.69%,-15.74%
19-Nov-04,2.27%,-16.33%
22-Nov-04,2.38%,-15.91%
23-Nov-04,2.66%,-15.54%
24-Nov-04,2.73%,-15.27%
26-Nov-04,2.72%,-15.22%
29-Nov-04,2.52%,-15.72%
30-Nov-04,2.42%,-15.97%
1-Dec-04,2.59%,-15.62%
2-Dec-04,2.57%,-15.66%
3-Dec-04,2.66%,-15.34%
6-Dec-04,2.64%,-15.35%
7-Dec-04,1.37%,-16.80%
8-Dec-04,1.98%,-15.95%
9-Dec-04,2.11%,-15.60%
10-Dec-04,2.35%,-15.67%
13-Dec-04,2.51%,-15.45%
14-Dec-04,2.44%,-15.58%
15-Dec-04,2.41%,-15.44%
16-Dec-04,2.80%,-15.28%
17-Dec-04,2.99%,-13.58%
20-Dec-04,2.99%,-14.02%
21-Dec-04,3.75%,-13.59%
22-Dec-04,3.70%,-13.97%
23-Dec-04,3.96%,-13.92%
27-Dec-04,3.53%,-14.34%
28-Dec-04,3.63%,-13.94%
29-Dec-04,3.48%,-14.22%
30-Dec-04,2.93%,-14.95%
31-Dec-04,2.85%,-15.06%
3-Jan-05,2.21%,-15.08%
4-Jan-05,2.18%,-15.08%
5-Jan-05,2.49%,-14.58%
6-Jan-05,2.50%,-14.36%
7-Jan-05,2.79%,-13.87%
10-Jan-05,2.40%,-11.86%
11-Jan-05,2.30%,-12.15%
12-Jan-05,2.53%,-11.48%
13-Jan-05,2.54%,-11.38%
14-Jan-05,2.66%,-12.96%
18-Jan-05,2.69%,-12.86%
19-Jan-05,2.36%,-13.26%
20-Jan-05,2.14%,-13.55%
21-Jan-05,2.04%,-13.97%
24-Jan-05,1.77%,-14.37%
25-Jan-05,1.85%,-14.19%
26-Jan-05,2.14%,-13.49%
27-Jan-05,2.37%,-13.55%
28-Jan-05,2.26%,-13.79%
31-Jan-05,2.02%,-13.66%
1-Feb-05,2.25%,-13.49%
2-Feb-05,2.47%,-13.22%
3-Feb-05,2.42%,-13.41%
4-Feb-05,2.57%,-12.95%
7-Feb-05,2.35%,-13.38%
8-Feb-05,2.37%,-13.36%
9-Feb-05,2.04%,-13.83%
10-Feb-05,2.07%,-13.62%
11-Feb-05,2.10%,-13.49%
14-Feb-05,2.12%,-13.50%
15-Feb-05,2.20%,-13.29%
16-Feb-05,2.08%,-13.52%
17-Feb-05,1.84%,-13.87%
18-Feb-05,1.87%,-13.43%
22-Feb-05,1.52%,-14.46%
23-Feb-05,2.00%,-17.63%
24-Feb-05,2.48%,-17.27%
25-Feb-05,2.71%,-16.92%
28-Feb-05,1.95%,-18.04%
1-Mar-05,1.99%,-17.92%
2-Mar-05,1.86%,-14.97%
3-Mar-05,1.88%,-14.96%
4-Mar-05,2.13%,-14.66%
7-Mar-05,2.03%,-14.62%
8-Mar-05,1.83%,-14.78%
9-Mar-05,1.49%,-15.27%
10-Mar-05,1.87%,-14.98%
11-Mar-05,1.85%,-15.24%
14-Mar-05,1.86%,-15.22%
15-Mar-05,1.63%,-15.70%
16-Mar-05,1.41%,-16.04%
17-Mar-05,1.87%,-15.59%
18-Mar-05,2.16%,-15.35%
21-Mar-05,1.91%,-15.75%
22-Mar-05,1.81%,-15.91%
23-Mar-05,2.06%,-15.92%
24-Mar-05,2.22%,-15.60%
28-Mar-05,2.05%,-15.55%
29-Mar-05,1.89%,-16.08%
30-Mar-05,2.37%,-15.52%
31-Mar-05,2.11%,-15.74%
1-Apr-05,2.22%,-15.74%
4-Apr-05,1.74%,-16.43%
5-Apr-05,2.32%,-15.63%
6-Apr-05,2.38%,-15.51%
7-Apr-05,2.75%,-15.00%
8-Apr-05,2.85%,-14.87%
11-Apr-05,2.63%,-15.15%
12-Apr-05,2.93%,-14.84%
13-Apr-05,2.55%,-15.32%
14-Apr-05,2.00%,-15.65%
15-Apr-05,1.24%,-17.24%
18-Apr-05,1.20%,-17.71%
19-Apr-05,2.37%,-16.70%
20-Apr-05,1.38%,-18.14%
21-Apr-05,2.98%,-16.23%
22-Apr-05,2.68%,-16.65%
25-Apr-05,2.94%,-16.33%
26-Apr-05,2.35%,-16.91%
27-Apr-05,2.47%,-16.82%
28-Apr-05,1.77%,-17.94%
29-Apr-05,2.20%,-17.39%
2-May-05,2.28%,-17.10%
3-May-05,2.27%,-17.31%
4-May-05,3.46%,-17.75%
5-May-05,3.06%,-17.81%
6-May-05,2.99%,-17.92%
9-May-05,2.89%,-17.78%
10-May-05,2.21%,-19.04%
11-May-05,2.75%,-18.46%
12-May-05,2.04%,-19.72%
13-May-05,1.86%,-20.06%
16-May-05,2.31%,-19.39%
17-May-05,3.10%,-18.72%
18-May-05,3.75%,-18.31%
19-May-05,3.29%,-20.78%
20-May-05,3.57%,-20.42%
23-May-05,3.44%,-20.66%
24-May-05,3.52%,-20.46%
25-May-05,3.67%,-20.40%
26-May-05,3.92%,-19.80%
27-May-05,3.95%,-20.17%
31-May-05,3.08%,-21.47%
1-Jun-05,3.46%,-20.85%
2-Jun-05,3.66%,-18.09%
3-Jun-05,3.35%,-18.59%
6-Jun-05,3.54%,-18.45%
7-Jun-05,3.52%,-18.50%
8-Jun-05,3.41%,-18.53%
9-Jun-05,3.63%,-18.24%
10-Jun-05,3.53%,-18.45%
13-Jun-05,3.77%,-17.72%
14-Jun-05,3.84%,-17.52%
15-Jun-05,3.95%,-17.42%
16-Jun-05,4.17%,-16.83%
17-Jun-05,4.24%,-16.52%
20-Jun-05,3.69%,-17.62%
21-Jun-05,3.84%,-17.31%
22-Jun-05,3.74%,-17.07%
23-Jun-05,3.23%,-17.67%
24-Jun-05,2.86%,-18.25%
27-Jun-05,3.23%,-17.87%
28-Jun-05,3.57%,-17.30%
29-Jun-05,3.62%,-17.22%
30-Jun-05,3.28%,-17.60%
1-Jul-05,3.36%,-17.45%
5-Jul-05,3.67%,-17.06%
6-Jul-05,3.25%,-17.67%
7-Jul-05,3.17%,-17.88%
8-Jul-05,3.64%,-17.02%
11-Jul-05,3.61%,-17.20%
12-Jul-05,3.40%,-16.76%
13-Jul-05,3.45%,-16.44%
14-Jul-05,3.47%,-15.96%
15-Jul-05,3.79%,-15.66%
18-Jul-05,3.68%,-16.82%
19-Jul-05,4.29%,-16.89%
20-Jul-05,4.42%,-16.95%
21-Jul-05,3.91%,-17.80%
22-Jul-05,4.11%,-17.43%
25-Jul-05,3.77%,-17.81%
26-Jul-05,4.02%,-17.56%
27-Jul-05,4.33%,-16.97%
28-Jul-05,4.36%,-16.92%
29-Jul-05,3.46%,-18.25%
1-Aug-05,3.34%,-18.55%
2-Aug-05,3.57%,-18.15%
3-Aug-05,3.59%,-18.10%
4-Aug-05,3.08%,-18.85%
5-Aug-05,3.10%,-15.96%
8-Aug-05,3.17%,-16.12%
9-Aug-05,3.49%,-15.40%
10-Aug-05,3.39%,-15.73%
11-Aug-05,3.62%,-15.34%
12-Aug-05,3.41%,-15.72%
15-Aug-05,3.49%,-15.46%
16-Aug-05,3.01%,-16.23%
17-Aug-05,3.28%,-15.71%
18-Aug-05,3.20%,-15.65%
19-Aug-05,3.41%,-15.39%
22-Aug-05,3.13%,-15.63%
23-Aug-05,2.98%,-15.89%
24-Aug-05,2.96%,-15.83%
25-Aug-05,2.99%,-15.75%
26-Aug-05,2.75%,-16.16%
29-Aug-05,2.87%,-15.90%
30-Aug-05,2.81%,-16.22%
31-Aug-05,3.28%,-15.71%
1-Sep-05,3.30%,-15.72%
2-Sep-05,3.13%,-15.93%
6-Sep-05,3.12%,-16.07%
7-Sep-05,3.26%,-15.74%
8-Sep-05,3.26%,-15.77%
9-Sep-05,3.76%,-15.07%
12-Sep-05,3.76%,-15.50%
13-Sep-05,3.31%,-17.00%
14-Sep-05,3.21%,-16.79%
15-Sep-05,3.15%,-16.47%
16-Sep-05,4.65%,-17.41%
19-Sep-05,4.20%,-18.79%
20-Sep-05,3.83%,-19.65%
21-Sep-05,3.14%,-20.48%
22-Sep-05,3.23%,-20.29%
23-Sep-05,3.26%,-20.12%
26-Sep-05,3.24%,-19.99%
27-Sep-05,3.21%,-18.86%
28-Sep-05,3.34%,-18.61%
29-Sep-05,3.66%,-18.05%
30-Sep-05,3.64%,-18.31%
3-Oct-05,3.45%,-18.58%
4-Oct-05,2.99%,-19.13%
5-Oct-05,2.13%,-20.41%
6-Oct-05,1.95%,-20.54%
7-Oct-05,2.13%,-20.27%
10-Oct-05,1.87%,-20.76%
11-Oct-05,1.78%,-20.95%
12-Oct-05,1.54%,-21.21%
13-Oct-05,1.40%,-21.54%
14-Oct-05,2.34%,-19.04%
17-Oct-05,2.48%,-18.85%
18-Oct-05,2.09%,-19.48%
19-Oct-05,3.09%,-18.36%
20-Oct-05,2.46%,-18.99%
21-Oct-05,2.62%,-18.79%
24-Oct-05,3.02%,-18.23%
25-Oct-05,2.90%,-18.67%
26-Oct-05,2.63%,-18.98%
27-Oct-05,1.88%,-19.89%
28-Oct-05,2.52%,-18.85%
31-Oct-05,2.73%,-18.90%
1-Nov-05,2.60%,-19.13%
2-Nov-05,3.32%,-18.24%
3-Nov-05,3.30%,-17.92%
4-Nov-05,3.28%,-17.94%
7-Nov-05,3.16%,-18.12%
8-Nov-05,3.10%,-18.19%
9-Nov-05,3.22%,-17.87%
10-Nov-05,3.55%,-17.49%
11-Nov-05,3.91%,-16.88%
14-Nov-05,3.70%,-17.20%
15-Nov-05,3.57%,-17.49%
16-Nov-05,3.63%,-17.39%
17-Nov-05,3.90%,-16.95%
18-Nov-05,4.02%,-16.67%
21-Nov-05,4.25%,-16.34%
22-Nov-05,4.35%,-16.18%
23-Nov-05,4.14%,-16.67%
25-Nov-05,4.16%,-16.58%
28-Nov-05,3.54%,-17.72%
29-Nov-05,3.54%,-17.73%
30-Nov-05,3.68%,-17.79%
1-Dec-05,4.07%,-16.87%
2-Dec-05,4.07%,-17.01%
5-Dec-05,3.98%,-17.17%
6-Dec-05,3.81%,-17.33%
7-Dec-05,3.60%,-17.68%
8-Dec-05,3.43%,-17.96%
9-Dec-05,3.54%,-17.76%
12-Dec-05,3.55%,-17.74%
13-Dec-05,3.76%,-17.14%
14-Dec-05,3.89%,-16.78%
15-Dec-05,3.98%,-16.25%
16-Dec-05,3.73%,-16.75%
19-Dec-05,3.50%,-17.79%
20-Dec-05,4.09%,-17.47%
21-Dec-05,4.17%,-17.48%
22-Dec-05,4.40%,-16.99%
23-Dec-05,4.73%,-16.58%
27-Dec-05,4.03%,-17.52%
28-Dec-05,4.04%,-17.27%
29-Dec-05,3.92%,-17.46%
30-Dec-05,3.68%,-17.72%
3-Jan-06,3.94%,-17.37%
4-Jan-06,4.05%,-17.16%
5-Jan-06,4.02%,-17.18%
6-Jan-06,4.28%,-16.85%
9-Jan-06,4.06%,-16.42%
10-Jan-06,4.02%,-12.50%
11-Jan-06,4.09%,-12.37%
12-Jan-06,3.80%,-12.73%
13-Jan-06,3.81%,-12.78%
17-Jan-06,3.25%,-13.67%
18-Jan-06,3.25%,-13.79%
19-Jan-06,3.34%,-13.60%
20-Jan-06,1.98%,-17.29%
23-Jan-06,2.22%,-17.01%
24-Jan-06,2.32%,-16.88%
25-Jan-06,3.02%,-16.05%
26-Jan-06,3.29%,-15.50%
27-Jan-06,3.48%,-15.36%
30-Jan-06,3.44%,-15.41%
31-Jan-06,2.80%,-16.21%
1-Feb-06,2.89%,-16.09%
2-Feb-06,2.57%,-16.64%
3-Feb-06,2.76%,-15.73%
6-Feb-06,2.78%,-15.74%
7-Feb-06,2.37%,-16.26%
8-Feb-06,2.86%,-15.74%
9-Feb-06,2.94%,-15.61%
10-Feb-06,3.01%,-15.51%
13-Feb-06,2.78%,-16.09%
14-Feb-06,3.12%,-15.58%
15-Feb-06,3.23%,-15.52%
16-Feb-06,3.94%,-14.51%
17-Feb-06,3.94%,-14.34%
21-Feb-06,3.70%,-14.63%
22-Feb-06,4.09%,-20.89%
23-Feb-06,3.56%,-21.46%
24-Feb-06,3.62%,-21.27%
27-Feb-06,3.75%,-20.77%
28-Feb-06,2.91%,-18.75%
1-Mar-06,3.32%,-18.17%
2-Mar-06,3.25%,-18.30%
3-Mar-06,3.17%,-18.51%
6-Mar-06,2.87%,-19.15%
7-Mar-06,2.83%,-16.59%
8-Mar-06,3.23%,-15.90%
9-Mar-06,3.07%,-16.18%
10-Mar-06,3.32%,-15.75%
13-Mar-06,3.49%,-15.51%
14-Mar-06,4.10%,-14.67%
15-Mar-06,3.85%,-14.84%
16-Mar-06,3.49%,-14.45%
17-Mar-06,3.43%,-14.75%
20-Mar-06,3.23%,-15.60%
21-Mar-06,3.20%,-15.92%
22-Mar-06,3.59%,-15.48%
23-Mar-06,3.46%,-15.64%
24-Mar-06,3.66%,-15.36%
27-Mar-06,3.54%,-15.45%
28-Mar-06,3.30%,-15.63%
29-Mar-06,3.55%,-15.17%
30-Mar-06,3.30%,-15.36%
31-Mar-06,3.14%,-15.60%
3-Apr-06,2.99%,-15.61%
4-Apr-06,3.22%,-15.25%
5-Apr-06,3.35%,-14.98%
6-Apr-06,3.30%,-15.36%
7-Apr-06,2.27%,-16.38%
10-Apr-06,2.68%,-16.05%
11-Apr-06,2.11%,-16.93%
12-Apr-06,2.17%,-16.84%
13-Apr-06,2.33%,-16.57%
17-Apr-06,2.23%,-16.97%
18-Apr-06,2.89%,-16.20%
19-Apr-06,3.03%,-15.95%
20-Apr-06,3.05%,-15.80%
21-Apr-06,3.24%,-14.79%
24-Apr-06,3.07%,-15.02%
25-Apr-06,3.06%,-15.07%
26-Apr-06,3.11%,-18.26%
27-Apr-06,3.30%,-18.05%
28-Apr-06,3.31%,-18.00%
1-May-06,3.15%,-18.46%
2-May-06,3.35%,-18.21%
3-May-06,3.12%,-18.39%
4-May-06,3.27%,-18.14%
5-May-06,3.70%,-17.66%
8-May-06,2.94%,-18.42%
9-May-06,2.96%,-18.00%
10-May-06,2.44%,-18.41%
11-May-06,2.14%,-18.81%
12-May-06,1.61%,-19.40%
15-May-06,1.58%,-19.41%
16-May-06,1.95%,-19.00%
17-May-06,1.16%,-19.81%
18-May-06,1.08%,-20.12%
19-May-06,1.15%,-19.89%
22-May-06,0.99%,-20.10%
23-May-06,0.64%,-26.80%
24-May-06,0.09%,-27.53%
25-May-06,1.52%,-25.87%
26-May-06,2.16%,-25.16%
30-May-06,0.58%,-27.39%
31-May-06,0.83%,-27.07%
1-Jun-06,2.42%,-25.05%
2-Jun-06,2.71%,-23.73%
5-Jun-06,1.54%,-25.14%
6-Jun-06,0.92%,-25.57%
7-Jun-06,0.55%,-26.12%
8-Jun-06,0.42%,-26.01%
9-Jun-06,0.19%,-26.11%
12-Jun-06,-0.65%,-27.11%
13-Jun-06,-1.14%,-28.67%
14-Jun-06,-0.74%,-28.15%
15-Jun-06,1.82%,-22.64%
16-Jun-06,1.60%,-23.18%
19-Jun-06,1.03%,-24.78%
20-Jun-06,1.34%,-24.85%
21-Jun-06,2.38%,-23.47%
22-Jun-06,1.97%,-23.94%
23-Jun-06,1.88%,-24.38%
26-Jun-06,2.12%,-23.99%
27-Jun-06,1.47%,-24.79%
28-Jun-06,1.82%,-24.31%
29-Jun-06,3.08%,-22.52%
30-Jun-06,2.90%,-22.72%
3-Jul-06,3.31%,-22.10%
5-Jul-06,2.49%,-23.38%
6-Jul-06,2.66%,-23.18%
7-Jul-06,2.18%,-23.78%
10-Jul-06,2.34%,-20.82%
11-Jul-06,2.55%,-20.57%
12-Jul-06,1.95%,-21.36%
13-Jul-06,1.26%,-22.10%
14-Jul-06,1.00%,-22.45%
17-Jul-06,0.97%,-22.71%
18-Jul-06,1.10%,-22.85%
19-Jul-06,2.25%,-20.84%
20-Jul-06,1.78%,-21.30%
21-Jul-06,1.61%,-21.67%
24-Jul-06,2.21%,-20.90%
25-Jul-06,2.53%,-20.58%
26-Jul-06,2.51%,-20.63%
27-Jul-06,2.26%,-20.96%
28-Jul-06,2.88%,-20.14%
31-Jul-06,2.07%,-21.31%
1-Aug-06,1.82%,-21.65%
2-Aug-06,2.15%,-21.22%
3-Aug-06,2.22%,-21.13%
4-Aug-06,2.19%,-21.19%
7-Aug-06,1.88%,-21.80%
8-Aug-06,1.70%,-22.04%
9-Aug-06,1.97%,-21.68%
10-Aug-06,2.23%,-21.37%
11-Aug-06,2.00%,-21.68%
14-Aug-06,2.06%,-21.71%
15-Aug-06,3.29%,-20.26%
16-Aug-06,4.00%,-19.36%
17-Aug-06,4.03%,-19.11%
18-Aug-06,4.49%,-18.52%
21-Aug-06,4.06%,-18.99%
22-Aug-06,4.05%,-18.97%
23-Aug-06,3.75%,-19.33%
24-Aug-06,3.83%,-19.22%
25-Aug-06,3.97%,-18.91%
28-Aug-06,4.04%,-18.72%
29-Aug-06,3.78%,-19.00%
30-Aug-06,3.77%,-19.00%
31-Aug-06,3.70%,-19.05%
1-Sep-06,3.94%,-18.69%
5-Sep-06,3.89%,-18.78%
6-Sep-06,2.68%,-20.39%
7-Sep-06,2.41%,-20.75%
8-Sep-06,2.60%,-20.49%
11-Sep-06,2.60%,-20.45%
12-Sep-06,3.13%,-19.79%
13-Sep-06,3.68%,-18.75%
14-Sep-06,3.61%,-18.95%
15-Sep-06,3.67%,-19.08%
18-Sep-06,3.90%,-19.67%
19-Sep-06,3.78%,-20.09%
20-Sep-06,4.04%,-19.88%
21-Sep-06,3.64%,-20.45%
22-Sep-06,3.44%,-20.66%
25-Sep-06,3.71%,-20.13%
26-Sep-06,4.02%,-19.75%
27-Sep-06,3.98%,-19.75%
28-Sep-06,4.01%,-19.66%
29-Sep-06,3.54%,-20.40%
2-Oct-06,3.23%,-20.70%
3-Oct-06,3.32%,-20.57%
4-Oct-06,3.92%,-19.79%
5-Oct-06,3.82%,-19.95%
6-Oct-06,3.65%,-20.16%
9-Oct-06,3.65%,-20.53%
10-Oct-06,3.70%,-20.02%
11-Oct-06,3.55%,-20.22%
12-Oct-06,4.04%,-19.57%
13-Oct-06,4.16%,-19.46%
16-Oct-06,4.25%,-19.53%
17-Oct-06,3.42%,-20.50%
18-Oct-06,3.50%,-20.30%
19-Oct-06,3.50%,-20.03%
20-Oct-06,3.53%,-19.71%
23-Oct-06,3.70%,-19.43%
24-Oct-06,3.50%,-19.41%
25-Oct-06,3.58%,-19.21%
26-Oct-06,3.81%,-18.89%
27-Oct-06,2.70%,-19.95%
30-Oct-06,2.69%,-19.93%
31-Oct-06,3.23%,-19.33%
1-Nov-06,2.83%,-19.76%
2-Nov-06,2.79%,-20.13%
3-Nov-06,2.66%,-20.29%
6-Nov-06,3.27%,-19.52%
7-Nov-06,2.64%,-18.25%
8-Nov-06,2.74%,-18.11%
9-Nov-06,2.83%,-18.13%
10-Nov-06,2.91%,-18.01%
13-Nov-06,3.02%,-17.91%
14-Nov-06,3.30%,-17.53%
15-Nov-06,3.41%,-17.38%
16-Nov-06,3.49%,-17.23%
17-Nov-06,3.61%,-17.14%
20-Nov-06,3.65%,-17.38%
21-Nov-06,3.82%,-17.28%
22-Nov-06,3.88%,-17.16%
24-Nov-06,3.38%,-17.98%
27-Nov-06,2.62%,-19.27%
28-Nov-06,3.01%,-18.75%
29-Nov-06,3.60%,-17.89%
30-Nov-06,3.61%,-17.86%
1-Dec-06,3.46%,-18.08%
4-Dec-06,3.73%,-17.55%
5-Dec-06,3.61%,-18.03%
6-Dec-06,3.55%,-18.12%
7-Dec-06,3.13%,-18.81%
8-Dec-06,3.21%,-18.68%
11-Dec-06,3.23%,-18.85%
12-Dec-06,3.18%,-18.93%
13-Dec-06,3.74%,-18.29%
14-Dec-06,4.50%,-17.42%
15-Dec-06,4.45%,-16.90%
18-Dec-06,4.28%,-17.82%
19-Dec-06,4.79%,-17.89%
20-Dec-06,4.70%,-17.88%
21-Dec-06,4.67%,-17.93%
22-Dec-06,4.14%,-18.68%
26-Dec-06,3.78%,-18.93%
27-Dec-06,4.05%,-18.49%
28-Dec-06,3.94%,-18.62%
29-Dec-06,3.61%,-18.94%
3-Jan-07,3.33%,-19.35%
4-Jan-07,3.68%,-18.97%
5-Jan-07,3.48%,-19.33%
8-Jan-07,3.52%,-19.27%
9-Jan-07,3.15%,-19.66%
10-Jan-07,3.44%,-19.21%
11-Jan-07,3.88%,-18.49%
12-Jan-07,4.12%,-18.19%
16-Jan-07,4.17%,-18.25%
17-Jan-07,4.31%,-17.97%
18-Jan-07,4.10%,-18.05%
19-Jan-07,4.37%,-17.52%
22-Jan-07,3.97%,-18.45%
23-Jan-07,4.08%,-18.13%
24-Jan-07,4.48%,-17.48%
25-Jan-07,3.53%,-18.78%
26-Jan-07,3.44%,-18.89%
29-Jan-07,3.31%,-19.04%
30-Jan-07,3.58%,-18.66%
31-Jan-07,3.84%,-18.10%
1-Feb-07,4.07%,-17.75%
2-Feb-07,4.11%,-17.65%
5-Feb-07,3.81%,-18.24%
6-Feb-07,3.82%,-18.37%
7-Feb-07,3.90%,-18.27%
8-Feb-07,3.83%,-18.38%
9-Feb-07,3.60%,-18.85%
12-Feb-07,3.44%,-18.98%
13-Feb-07,4.00%,-18.18%
14-Feb-07,4.37%,-17.72%
15-Feb-07,4.03%,-17.89%
16-Feb-07,3.95%,-17.99%
20-Feb-07,3.90%,-17.94%
21-Feb-07,3.81%,-18.04%
22-Feb-07,3.93%,-18.01%
23-Feb-07,3.72%,-18.28%
26-Feb-07,3.31%,-18.88%
27-Feb-07,-0.57%,-23.98%
28-Feb-07,0.82%,-21.85%
1-Mar-07,0.72%,-21.98%
2-Mar-07,-0.26%,-21.84%
5-Mar-07,-0.87%,-22.67%
6-Mar-07,0.71%,-20.37%
7-Mar-07,0.89%,-20.13%
8-Mar-07,1.66%,-19.04%
9-Mar-07,1.74%,-18.95%
12-Mar-07,1.90%,-19.33%
13-Mar-07,0.32%,-20.71%
14-Mar-07,0.62%,-20.54%
15-Mar-07,0.77%,-20.99%
16-Mar-07,0.49%,-19.52%
19-Mar-07,1.06%,-23.94%
20-Mar-07,2.17%,-22.71%
21-Mar-07,3.33%,-21.43%
22-Mar-07,3.24%,-21.44%
23-Mar-07,3.24%,-21.35%
26-Mar-07,2.66%,-22.38%
27-Mar-07,2.20%,-22.81%
28-Mar-07,1.34%,-23.91%
29-Mar-07,1.44%,-23.84%
30-Mar-07,1.18%,-24.11%
2-Apr-07,1.39%,-23.92%
3-Apr-07,2.29%,-22.56%
4-Apr-07,2.30%,-22.64%
5-Apr-07,2.50%,-22.17%
9-Apr-07,2.29%,-21.66%
10-Apr-07,2.44%,-21.53%
11-Apr-07,2.02%,-22.02%
12-Apr-07,2.42%,-21.85%
13-Apr-07,2.64%,-21.36%
16-Apr-07,3.25%,-20.53%
17-Apr-07,3.38%,-20.31%
18-Apr-07,3.42%,-20.10%
19-Apr-07,3.28%,-19.96%
20-Apr-07,3.24%,-19.89%
23-Apr-07,2.55%,-20.96%
24-Apr-07,2.50%,-21.02%
25-Apr-07,3.12%,-20.33%
26-Apr-07,2.33%,-18.75%
27-Apr-07,2.31%,-18.86%
30-Apr-07,1.82%,-19.58%
1-May-07,1.96%,-19.47%
2-May-07,2.34%,-19.10%
3-May-07,2.57%,-18.87%
4-May-07,2.43%,-19.28%
7-May-07,2.39%,-19.09%
8-May-07,2.20%,-19.40%
9-May-07,2.39%,-17.25%
10-May-07,1.75%,-18.00%
11-May-07,2.22%,-17.37%
14-May-07,2.13%,-17.40%
15-May-07,2.02%,-18.08%
16-May-07,2.43%,-17.55%
17-May-07,2.36%,-19.50%
18-May-07,2.98%,-18.66%
21-May-07,2.68%,-18.87%
22-May-07,2.80%,-18.42%
23-May-07,2.82%,-18.51%
24-May-07,2.30%,-18.43%
25-May-07,2.58%,-18.13%
29-May-07,2.54%,-18.20%
30-May-07,2.94%,-18.15%
31-May-07,2.84%,-20.49%
1-Jun-07,3.17%,-19.80%
4-Jun-07,3.09%,-19.88%
5-Jun-07,2.70%,-20.33%
6-Jun-07,2.20%,-20.90%
7-Jun-07,1.19%,-22.07%
8-Jun-07,1.86%,-21.28%
11-Jun-07,1.96%,-20.25%
12-Jun-07,1.38%,-20.36%
13-Jun-07,2.25%,-19.07%
14-Jun-07,2.51%,-18.67%
15-Jun-07,2.64%,-17.51%
18-Jun-07,2.81%,-18.51%
19-Jun-07,2.92%,-18.66%
20-Jun-07,1.98%,-19.58%
21-Jun-07,2.31%,-19.19%
22-Jun-07,1.28%,-20.28%
25-Jun-07,0.89%,-20.91%
26-Jun-07,0.71%,-21.11%
27-Jun-07,1.25%,-20.50%
28-Jun-07,1.24%,-20.51%
29-Jun-07,1.06%,-20.98%
2-Jul-07,1.65%,-20.65%
3-Jul-07,1.87%,-20.40%
5-Jul-07,1.80%,-20.51%
6-Jul-07,2.17%,-20.42%
9-Jul-07,2.12%,-20.48%
10-Jul-07,1.30%,-21.34%
11-Jul-07,1.64%,-21.24%
12-Jul-07,2.63%,-20.06%
13-Jul-07,2.78%,-19.88%
16-Jul-07,2.46%,-20.11%
17-Jul-07,2.11%,-20.66%
18-Jul-07,1.86%,-21.17%
19-Jul-07,2.38%,-21.86%
20-Jul-07,1.52%,-23.09%
23-Jul-07,1.75%,-21.74%
24-Jul-07,0.44%,-22.81%
25-Jul-07,0.89%,-22.32%
26-Jul-07,-0.72%,-24.08%
27-Jul-07,-1.63%,-24.95%
30-Jul-07,-1.02%,-24.31%
31-Jul-07,-2.24%,-25.66%
1-Aug-07,-1.80%,-25.23%
2-Aug-07,-1.51%,-24.96%
3-Aug-07,-2.58%,-26.35%
6-Aug-07,-0.95%,-24.89%
7-Aug-07,-0.40%,-24.58%
8-Aug-07,0.43%,-23.75%
9-Aug-07,-2.34%,-26.61%
10-Aug-07,-2.32%,-26.57%
13-Aug-07,-2.26%,-26.55%
14-Aug-07,-3.65%,-27.46%
15-Aug-07,-5.05%,-28.17%
16-Aug-07,-5.03%,-28.91%
17-Aug-07,-3.45%,-26.72%
20-Aug-07,-3.42%,-27.69%
21-Aug-07,-2.76%,-27.43%
22-Aug-07,-1.15%,-25.76%
23-Aug-07,-0.24%,-24.95%
24-Aug-07,0.37%,-24.25%
27-Aug-07,-0.32%,-24.87%
28-Aug-07,-1.76%,-26.18%
29-Aug-07,-0.56%,-25.03%
30-Aug-07,-1.36%,-25.92%
31-Aug-07,-1.67%,-26.35%
4-Sep-07,-0.69%,-25.51%
5-Sep-07,-1.62%,-26.35%
6-Sep-07,-1.57%,-26.31%
7-Sep-07,-2.57%,-27.11%
10-Sep-07,-3.24%,-28.65%
11-Sep-07,-2.56%,-28.24%
12-Sep-07,-2.61%,-28.76%
13-Sep-07,-2.11%,-28.41%
14-Sep-07,-2.12%,-28.46%
17-Sep-07,-3.21%,-28.90%
18-Sep-07,0.48%,-25.43%
19-Sep-07,0.88%,-24.87%
20-Sep-07,0.46%,-25.16%
21-Sep-07,0.99%,-24.26%
24-Sep-07,0.60%,-24.63%
25-Sep-07,1.50%,-23.46%
26-Sep-07,1.83%,-22.87%
27-Sep-07,2.00%,-22.46%
28-Sep-07,1.89%,-22.46%
1-Oct-07,2.19%,-21.88%
2-Oct-07,1.84%,-22.58%
3-Oct-07,1.95%,-23.33%
4-Oct-07,2.05%,-23.23%
5-Oct-07,3.25%,-21.79%
8-Oct-07,2.65%,-22.57%
9-Oct-07,3.09%,-21.87%
10-Oct-07,2.97%,-22.04%
11-Oct-07,1.80%,-23.21%
12-Oct-07,2.62%,-22.15%
15-Oct-07,1.71%,-22.73%
16-Oct-07,1.29%,-22.48%
17-Oct-07,2.74%,-21.26%
18-Oct-07,2.61%,-21.34%
19-Oct-07,-0.16%,-23.78%
22-Oct-07,-0.01%,-23.69%
23-Oct-07,1.17%,-22.38%
24-Oct-07,0.99%,-22.58%
25-Oct-07,1.14%,-23.07%
26-Oct-07,2.11%,-22.07%
29-Oct-07,2.27%,-22.11%
30-Oct-07,1.86%,-23.08%
31-Oct-07,3.70%,-20.72%
1-Nov-07,1.18%,-24.14%
2-Nov-07,0.24%,-25.12%
5-Nov-07,-0.02%,-25.78%
6-Nov-07,1.74%,-23.72%
7-Nov-07,-0.78%,-26.95%
8-Nov-07,-0.81%,-27.35%
9-Nov-07,-2.06%,-26.64%
12-Nov-07,-2.29%,-26.61%
13-Nov-07,1.04%,-23.58%
14-Nov-07,0.57%,-25.82%
15-Nov-07,-0.82%,-27.29%
16-Nov-07,0.84%,-25.71%
19-Nov-07,0.79%,-27.10%
20-Nov-07,0.81%,-27.12%
21-Nov-07,-0.17%,-28.21%
23-Nov-07,0.74%,-28.86%
26-Nov-07,-1.84%,-24.21%
27-Nov-07,-0.78%,-24.09%
28-Nov-07,0.71%,-22.74%
29-Nov-07,0.76%,-22.82%
30-Nov-07,1.55%,-23.05%
3-Dec-07,1.20%,-23.55%
4-Dec-07,0.90%,-23.89%
5-Dec-07,1.63%,-22.98%
6-Dec-07,2.60%,-21.90%
7-Dec-07,2.51%,-22.24%
10-Dec-07,2.30%,-22.36%
11-Dec-07,1.09%,-23.73%
12-Dec-07,1.47%,-23.43%
13-Dec-07,1.19%,-23.55%
14-Dec-07,0.72%,-23.73%
17-Dec-07,-0.14%,-24.83%
18-Dec-07,0.78%,-24.02%
19-Dec-07,1.35%,-23.36%
20-Dec-07,1.92%,-22.37%
21-Dec-07,4.06%,-20.10%
24-Dec-07,4.07%,-19.95%
26-Dec-07,3.92%,-20.18%
27-Dec-07,2.62%,-22.25%
28-Dec-07,2.70%,-22.63%
31-Dec-07,1.60%,-23.88%
2-Jan-08,0.75%,-24.77%
3-Jan-08,0.77%,-24.62%
4-Jan-08,-0.38%,-25.66%
7-Jan-08,-0.19%,-25.63%
8-Jan-08,-1.23%,-26.46%
9-Jan-08,-0.04%,-25.59%
10-Jan-08,0.38%,-25.22%
11-Jan-08,-0.25%,-23.59%
14-Jan-08,0.75%,-23.33%
15-Jan-08,0.33%,-24.50%
16-Jan-08,0.05%,-24.81%
17-Jan-08,-3.01%,-26.29%
18-Jan-08,-2.56%,-26.09%
22-Jan-08,-4.28%,-25.61%
23-Jan-08,-3.06%,-25.11%
24-Jan-08,-2.43%,-24.05%
25-Jan-08,-3.58%,-24.62%
28-Jan-08,-2.53%,-24.09%
29-Jan-08,-2.16%,-23.83%
30-Jan-08,-2.13%,-24.12%
31-Jan-08,-1.86%,-24.01%
1-Feb-08,-0.77%,-22.18%
4-Feb-08,-1.79%,-23.28%
5-Feb-08,-3.67%,-25.54%
6-Feb-08,-3.76%,-23.81%
7-Feb-08,-3.04%,-23.41%
8-Feb-08,-2.59%,-22.91%
11-Feb-08,-2.27%,-22.64%
12-Feb-08,-1.59%,-22.01%
13-Feb-08,-0.42%,-20.88%
14-Feb-08,-0.89%,-21.12%
15-Feb-08,-0.90%,-21.13%
19-Feb-08,-1.00%,-22.11%
20-Feb-08,-0.62%,-21.77%
21-Feb-08,-0.84%,-22.05%
22-Feb-08,-0.51%,-21.77%
25-Feb-08,0.03%,-21.05%
26-Feb-08,0.86%,-20.09%
27-Feb-08,0.78%,-20.17%
28-Feb-08,0.30%,-20.96%
29-Feb-08,-1.33%,-22.55%
3-Mar-08,-1.32%,-22.57%
4-Mar-08,-1.45%,-21.44%
5-Mar-08,-0.92%,-20.93%
6-Mar-08,-2.43%,-22.24%
7-Mar-08,-2.72%,-21.33%
10-Mar-08,-3.25%,-21.50%
11-Mar-08,-1.50%,-20.17%
12-Mar-08,-1.80%,-20.35%
13-Mar-08,-1.37%,-20.46%
14-Mar-08,-3.70%,-21.64%
17-Mar-08,-4.30%,-21.62%
18-Mar-08,-0.97%,-19.60%
19-Mar-08,-2.71%,-20.79%
20-Mar-08,-0.95%,-19.81%
24-Mar-08,-0.34%,-19.82%
25-Mar-08,-0.23%,-19.83%
26-Mar-08,-0.48%,-20.10%
27-Mar-08,-0.23%,-21.85%
28-Mar-08,-1.40%,-22.65%
31-Mar-08,-0.37%,-20.87%
1-Apr-08,1.58%,-18.56%
2-Apr-08,1.08%,-19.38%
3-Apr-08,0.90%,-19.44%
4-Apr-08,1.26%,-18.97%
7-Apr-08,1.32%,-18.76%
8-Apr-08,1.09%,-19.01%
9-Apr-08,0.76%,-19.38%
10-Apr-08,1.40%,-18.50%
11-Apr-08,-0.31%,-20.11%
14-Apr-08,-0.38%,-20.12%
15-Apr-08,0.41%,-19.58%
16-Apr-08,2.28%,-17.62%
17-Apr-08,2.41%,-17.18%
18-Apr-08,3.21%,-16.20%
21-Apr-08,2.20%,-16.88%
22-Apr-08,1.90%,-17.45%
23-Apr-08,2.40%,-16.91%
24-Apr-08,2.53%,-16.50%
25-Apr-08,2.54%,-16.09%
28-Apr-08,1.97%,-16.61%
29-Apr-08,1.55%,-17.13%
30-Apr-08,1.08%,-17.51%
1-May-08,2.03%,-16.03%
2-May-08,2.12%,-15.88%
5-May-08,1.89%,-16.15%
6-May-08,2.17%,-15.77%
7-May-08,2.01%,-16.49%
8-May-08,2.15%,-16.30%
9-May-08,1.86%,-16.61%
12-May-08,2.83%,-15.45%
13-May-08,2.84%,-15.44%
14-May-08,3.17%,-15.49%
15-May-08,3.60%,-14.99%
16-May-08,4.60%,-16.26%
19-May-08,4.65%,-16.74%
20-May-08,4.51%,-17.55%
21-May-08,3.74%,-18.53%
22-May-08,4.06%,-18.57%
23-May-08,3.91%,-18.94%
27-May-08,3.71%,-19.32%
28-May-08,3.83%,-19.17%
29-May-08,4.64%,-18.22%
30-May-08,4.70%,-17.97%
2-Jun-08,3.53%,-20.01%
3-Jun-08,3.21%,-20.30%
4-Jun-08,3.06%,-20.57%
5-Jun-08,4.08%,-19.21%
6-Jun-08,1.63%,-22.04%
9-Jun-08,1.30%,-22.30%
10-Jun-08,1.54%,-22.42%
11-Jun-08,0.46%,-23.02%
12-Jun-08,0.67%,-23.04%
13-Jun-08,2.25%,-21.70%
16-Jun-08,2.31%,-21.54%
17-Jun-08,1.98%,-21.83%
18-Jun-08,1.27%,-22.60%
19-Jun-08,1.45%,-22.27%
20-Jun-08,0.52%,-22.65%
23-Jun-08,0.96%,-22.35%
24-Jun-08,0.88%,-22.36%
25-Jun-08,1.91%,-20.83%
26-Jun-08,-0.33%,-22.31%
27-Jun-08,-0.24%,-22.21%
30-Jun-08,0.21%,-21.89%
1-Jul-08,0.37%,-21.76%
2-Jul-08,-1.07%,-21.80%
3-Jul-08,-0.53%,-21.58%
7-Jul-08,-1.31%,-21.85%
8-Jul-08,0.61%,-20.93%
9-Jul-08,-0.59%,-19.11%
10-Jul-08,-0.34%,-18.90%
11-Jul-08,-2.25%,-20.11%
14-Jul-08,-2.51%,-20.38%
15-Jul-08,-2.93%,-20.58%
16-Jul-08,-0.62%,-19.41%
17-Jul-08,-0.15%,-18.99%
18-Jul-08,-0.20%,-18.90%
21-Jul-08,0.44%,-18.46%
22-Jul-08,2.07%,-16.58%
23-Jul-08,1.77%,-17.00%
24-Jul-08,0.91%,-18.17%
25-Jul-08,1.02%,-18.07%
28-Jul-08,0.16%,-19.15%
29-Jul-08,1.26%,-17.18%
30-Jul-08,1.46%,-16.79%
31-Jul-08,0.47%,-17.41%
1-Aug-08,0.30%,-17.57%
4-Aug-08,0.04%,-17.79%
5-Aug-08,1.28%,-16.55%
6-Aug-08,2.01%,-15.25%
7-Aug-08,1.73%,-15.87%
8-Aug-08,2.44%,-15.11%
11-Aug-08,2.12%,-15.33%
12-Aug-08,1.54%,-16.05%
13-Aug-08,1.41%,-16.29%
14-Aug-08,2.34%,-15.99%
15-Aug-08,3.05%,-15.17%
18-Aug-08,2.06%,-16.79%
19-Aug-08,1.87%,-17.33%
20-Aug-08,2.65%,-16.56%
21-Aug-08,3.46%,-15.91%
22-Aug-08,4.08%,-15.14%
25-Aug-08,2.69%,-16.86%
26-Aug-08,2.94%,-16.66%
27-Aug-08,3.45%,-16.08%
28-Aug-08,3.80%,-15.10%
29-Aug-08,2.91%,-16.22%
2-Sep-08,1.45%,-17.28%
3-Sep-08,1.96%,-16.94%
4-Sep-08,0.51%,-18.21%
5-Sep-08,0.83%,-17.91%
8-Sep-08,0.97%,-17.78%
9-Sep-08,-0.75%,-18.82%
10-Sep-08,-0.03%,-18.55%
11-Sep-08,-0.27%,-18.55%
12-Sep-08,-0.18%,-18.56%
15-Sep-08,-4.90%,-18.77%
16-Sep-08,-4.92%,-18.90%
17-Sep-08,-7.22%,-17.76%
18-Sep-08,-4.64%,-18.76%
19-Sep-08,-3.39%,-18.72%
22-Sep-08,-4.94%,-18.29%
23-Sep-08,-6.18%,-17.70%
24-Sep-08,-6.08%,-17.69%
25-Sep-08,-5.56%,-18.11%
26-Sep-08,-7.50%,-17.32%
29-Sep-08,-16.50%,-12.30%
30-Sep-08,-10.06%,-18.55%
1-Oct-08,-9.96%,-18.43%
2-Oct-08,-14.23%,-15.17%
3-Oct-08,-13.53%,-15.48%
6-Oct-08,-17.28%,-14.84%
7-Oct-08,-19.06%,-17.15%
8-Oct-08,-21.71%,-17.48%
9-Oct-08,-25.78%,-16.65%
10-Oct-08,-30.73%,-15.62%
13-Oct-08,-20.22%,-20.51%
14-Oct-08,-17.35%,-26.14%
15-Oct-08,-22.66%,-24.45%
16-Oct-08,-21.96%,-25.07%
17-Oct-08,-21.07%,-24.24%
20-Oct-08,-13.09%,-30.42%
21-Oct-08,-13.75%,-30.51%
22-Oct-08,-21.11%,-26.81%
23-Oct-08,-21.80%,-34.74%
24-Oct-08,-27.04%,-34.36%
27-Oct-08,-27.59%,-34.06%
28-Oct-08,-19.82%,-34.67%
29-Oct-08,-20.27%,-34.54%
30-Oct-08,-16.82%,-34.55%
31-Oct-08,-13.11%,-34.26%
3-Nov-08,-9.94%,-32.34%
4-Nov-08,-5.56%,-29.94%
5-Nov-08,-9.22%,-32.42%
6-Nov-08,-15.87%,-33.71%
7-Nov-08,-14.02%,-33.47%
10-Nov-08,-14.85%,-33.61%
11-Nov-08,-13.71%,-32.50%
12-Nov-08,-17.27%,-32.58%
13-Nov-08,-11.85%,-32.30%
14-Nov-08,-16.59%,-32.63%
17-Nov-08,-20.10%,-28.20%
18-Nov-08,-20.13%,-28.17%
19-Nov-08,-22.22%,-27.38%
20-Nov-08,-25.16%,-25.13%
21-Nov-08,-20.86%,-27.61%
24-Nov-08,-15.00%,-27.38%
25-Nov-08,-13.88%,-27.30%
26-Nov-08,-9.80%,-26.34%
28-Nov-08,-10.18%,-26.50%
1-Dec-08,-17.60%,-27.12%
2-Dec-08,-14.34%,-27.37%
3-Dec-08,-13.03%,-27.28%
4-Dec-08,-16.13%,-27.05%
5-Dec-08,-11.97%,-27.17%
8-Dec-08,-10.06%,-26.85%
9-Dec-08,-9.60%,-24.65%
10-Dec-08,-7.66%,-24.22%
11-Dec-08,-7.79%,-24.20%
12-Dec-08,-7.87%,-24.22%
15-Dec-08,-9.66%,-24.61%
16-Dec-08,-6.94%,-23.47%
17-Dec-08,-5.69%,-21.89%
18-Dec-08,-3.68%,-20.42%
19-Dec-08,-2.57%,-22.59%
22-Dec-08,-2.05%,-23.07%
23-Dec-08,-2.89%,-23.46%
24-Dec-08,-2.70%,-23.23%
26-Dec-08,-2.09%,-22.62%
29-Dec-08,-2.30%,-22.68%
30-Dec-08,-1.39%,-21.52%
31-Dec-08,-0.33%,-20.93%
2-Jan-09,1.72%,-18.01%
5-Jan-09,-0.44%,-19.61%
6-Jan-09,-0.10%,-18.97%
7-Jan-09,-2.74%,-21.89%
8-Jan-09,-2.65%,-17.97%
9-Jan-09,-3.73%,-19.65%
12-Jan-09,-4.98%,-23.47%
13-Jan-09,-2.87%,-21.89%
14-Jan-09,-5.17%,-24.08%
15-Jan-09,-5.56%,-24.28%
16-Jan-09,-4.43%,-25.27%
20-Jan-09,-9.03%,-29.01%
21-Jan-09,-2.55%,-25.25%
22-Jan-09,-2.49%,-25.98%
23-Jan-09,-2.37%,-25.70%
26-Jan-09,-1.88%,-24.60%
27-Jan-09,-0.41%,-24.69%
28-Jan-09,0.93%,-24.88%
29-Jan-09,-1.59%,-26.82%
30-Jan-09,-2.67%,-27.94%
2-Feb-09,-2.85%,-28.14%
3-Feb-09,-1.26%,-26.98%
4-Feb-09,-1.35%,-27.26%
5-Feb-09,-1.70%,-27.20%
6-Feb-09,-1.46%,-26.41%
9-Feb-09,-1.27%,-26.72%
10-Feb-09,-4.81%,-29.29%
11-Feb-09,-3.16%,-27.11%
12-Feb-09,-1.91%,-26.54%
13-Feb-09,-2.41%,-26.98%
17-Feb-09,-4.83%,-28.01%
18-Feb-09,-4.83%,-28.05%
19-Feb-09,-4.56%,-26.98%
20-Feb-09,-5.05%,-27.01%
23-Feb-09,-8.52%,-27.47%
24-Feb-09,-3.33%,-26.27%
25-Feb-09,-3.80%,-26.53%
26-Feb-09,-4.70%,-26.74%
27-Feb-09,-5.30%,-26.87%
2-Mar-09,-9.20%,-27.34%
3-Mar-09,-6.93%,-27.09%
4-Mar-09,-5.35%,-26.69%
5-Mar-09,-7.31%,-27.03%
6-Mar-09,-7.55%,-27.04%
9-Mar-09,-7.52%,-25.99%
10-Mar-09,-5.04%,-25.20%
11-Mar-09,-5.47%,-23.20%
12-Mar-09,-3.51%,-22.66%
13-Mar-09,-3.19%,-22.48%
16-Mar-09,-3.88%,-23.07%
17-Mar-09,-2.58%,-22.41%
18-Mar-09,-2.34%,-22.78%
19-Mar-09,-3.32%,-23.43%
20-Mar-09,-5.58%,-23.78%
23-Mar-09,-2.65%,-22.57%
24-Mar-09,-3.52%,-23.03%
25-Mar-09,-3.11%,-22.82%
26-Mar-09,-0.98%,-18.00%
27-Mar-09,-2.82%,-19.44%
30-Mar-09,-5.39%,-20.46%
31-Mar-09,-3.36%,-17.83%
1-Apr-09,-2.86%,-17.38%
2-Apr-09,-2.83%,-16.00%
3-Apr-09,-2.62%,-15.60%
6-Apr-09,-2.83%,-15.93%
7-Apr-09,-1.64%,-16.48%
8-Apr-09,-0.56%,-16.15%
9-Apr-09,0.53%,-13.88%
13-Apr-09,-1.60%,-14.12%
14-Apr-09,-0.76%,-15.49%
15-Apr-09,-0.03%,-14.77%
16-Apr-09,0.27%,-14.33%
17-Apr-09,1.49%,-13.77%
20-Apr-09,-0.91%,-17.72%
21-Apr-09,-1.07%,-16.36%
22-Apr-09,-1.28%,-17.32%
23-Apr-09,-0.98%,-16.89%
24-Apr-09,-0.38%,-14.61%
27-Apr-09,-0.57%,-15.97%
28-Apr-09,-0.63%,-16.72%
29-Apr-09,0.32%,-14.79%
30-Apr-09,1.01%,-20.04%
1-May-09,1.13%,-19.79%
4-May-09,1.29%,-19.30%
5-May-09,1.14%,-19.65%
6-May-09,1.63%,-18.94%
7-May-09,0.62%,-19.07%
8-May-09,1.54%,-17.65%
11-May-09,0.30%,-19.61%
12-May-09,0.07%,-19.29%
13-May-09,-1.02%,-21.06%
14-May-09,1.46%,-21.53%
15-May-09,0.78%,-18.87%
18-May-09,1.57%,-17.23%
19-May-09,1.51%,-17.46%
20-May-09,1.72%,-18.10%
21-May-09,1.18%,-19.64%
22-May-09,1.15%,-20.91%
26-May-09,2.58%,-20.99%
27-May-09,1.66%,-23.13%
28-May-09,1.07%,-21.38%
29-May-09,1.91%,-20.81%
1-Jun-09,-0.17%,-19.92%
2-Jun-09,0.92%,-20.24%
3-Jun-09,0.35%,-20.87%
4-Jun-09,1.08%,-20.55%
5-Jun-09,1.47%,-20.86%
8-Jun-09,1.75%,-20.00%
9-Jun-09,2.50%,-20.26%
10-Jun-09,2.34%,-20.35%
11-Jun-09,2.22%,-20.65%
12-Jun-09,2.81%,-20.95%
15-Jun-09,0.51%,-22.29%
16-Jun-09,-0.09%,-23.06%
17-Jun-09,-0.15%,-23.28%
18-Jun-09,1.42%,-23.29%
19-Jun-09,2.22%,-23.35%
22-Jun-09,1.06%,-23.91%
23-Jun-09,1.31%,-20.95%
24-Jun-09,1.72%,-20.90%
25-Jun-09,2.78%,-19.03%
26-Jun-09,3.74%,-19.43%
29-Jun-09,3.84%,-19.58%
30-Jun-09,3.28%,-20.22%
1-Jul-09,3.23%,-19.82%
2-Jul-09,2.06%,-22.05%
6-Jul-09,1.20%,-22.25%
7-Jul-09,0.59%,-20.76%
8-Jul-09,0.16%,-18.93%
9-Jul-09,1.13%,-19.15%
10-Jul-09,0.99%,-19.37%
13-Jul-09,2.71%,-18.44%
14-Jul-09,2.92%,-18.27%
15-Jul-09,3.75%,-16.27%
16-Jul-09,4.09%,-15.96%
17-Jul-09,4.04%,-16.94%
20-Jul-09,3.91%,-16.34%
21-Jul-09,4.01%,-16.14%
22-Jul-09,3.98%,-16.54%
23-Jul-09,4.40%,-14.50%
24-Jul-09,4.36%,-14.52%
27-Jul-09,3.52%,-14.58%
28-Jul-09,3.42%,-14.60%
29-Jul-09,3.12%,-14.88%
30-Jul-09,3.06%,-15.91%
31-Jul-09,2.79%,-15.03%
3-Aug-09,2.01%,-14.76%
4-Aug-09,2.49%,-15.02%
5-Aug-09,2.74%,-15.47%
6-Aug-09,2.61%,-15.93%
7-Aug-09,2.89%,-15.35%
10-Aug-09,2.83%,-15.93%
11-Aug-09,2.42%,-16.65%
12-Aug-09,2.72%,-16.13%
13-Aug-09,2.86%,-15.86%
14-Aug-09,2.64%,-16.45%
17-Aug-09,1.52%,-18.24%
18-Aug-09,2.66%,-18.07%
19-Aug-09,2.87%,-17.81%
20-Aug-09,3.14%,-17.29%
21-Aug-09,4.22%,-17.18%
24-Aug-09,3.32%,-17.26%
25-Aug-09,4.07%,-17.61%
26-Aug-09,3.99%,-17.65%
27-Aug-09,3.98%,-16.28%
28-Aug-09,3.92%,-16.61%
31-Aug-09,3.06%,-17.05%
1-Sep-09,1.57%,-17.97%
2-Sep-09,1.70%,-19.67%
3-Sep-09,2.84%,-18.61%
4-Sep-09,3.93%,-18.56%
8-Sep-09,3.66%,-18.97%
9-Sep-09,4.05%,-18.79%
10-Sep-09,4.51%,-18.48%
11-Sep-09,4.11%,-18.51%
14-Sep-09,4.27%,-18.49%
15-Sep-09,4.16%,-18.41%
16-Sep-09,4.08%,-18.30%
17-Sep-09,3.91%,-18.57%
18-Sep-09,3.26%,-18.11%
21-Sep-09,3.52%,-18.91%
22-Sep-09,4.04%,-18.75%
23-Sep-09,4.25%,-19.97%
24-Sep-09,3.19%,-18.41%
25-Sep-09,2.92%,-18.90%
28-Sep-09,3.26%,-18.10%
29-Sep-09,2.83%,-19.87%
30-Sep-09,2.51%,-20.77%
1-Oct-09,1.12%,-22.04%
2-Oct-09,0.68%,-22.11%
5-Oct-09,1.31%,-21.46%
6-Oct-09,2.11%,-20.50%
7-Oct-09,2.60%,-21.10%
8-Oct-09,2.83%,-20.60%
9-Oct-09,3.33%,-19.49%
12-Oct-09,2.84%,-18.92%
13-Oct-09,3.08%,-19.21%
14-Oct-09,2.45%,-17.13%
15-Oct-09,3.63%,-17.72%
16-Oct-09,3.46%,-18.30%
19-Oct-09,3.74%,-18.36%
20-Oct-09,4.22%,-18.94%
21-Oct-09,3.74%,-19.75%
22-Oct-09,4.40%,-19.51%
23-Oct-09,3.89%,-20.44%
26-Oct-09,2.60%,-20.82%
27-Oct-09,1.99%,-19.57%
28-Oct-09,0.51%,-20.51%
29-Oct-09,1.89%,-20.82%
30-Oct-09,-0.84%,-24.50%
2-Nov-09,-0.61%,-25.86%
3-Nov-09,0.28%,-25.18%
4-Nov-09,1.25%,-24.21%
5-Nov-09,2.10%,-22.15%
6-Nov-09,2.93%,-22.51%
9-Nov-09,3.61%,-19.12%
10-Nov-09,3.72%,-19.05%
11-Nov-09,3.80%,-18.58%
12-Nov-09,3.52%,-19.14%
13-Nov-09,3.71%,-18.85%
16-Nov-09,3.83%,-18.90%
17-Nov-09,4.49%,-19.20%
18-Nov-09,4.44%,-19.31%
19-Nov-09,3.85%,-20.25%
20-Nov-09,5.23%,-20.50%
23-Nov-09,5.80%,-20.21%
24-Nov-09,6.04%,-20.47%
25-Nov-09,5.84%,-20.07%
27-Nov-09,3.45%,-19.51%
30-Nov-09,3.96%,-22.23%
1-Dec-09,4.96%,-21.91%
2-Dec-09,4.92%,-21.83%
3-Dec-09,4.94%,-20.52%
4-Dec-09,5.05%,-20.07%
7-Dec-09,4.98%,-20.25%
8-Dec-09,4.17%,-20.44%
9-Dec-09,4.52%,-20.97%
10-Dec-09,5.56%,-20.16%
11-Dec-09,5.66%,-19.02%
14-Dec-09,5.59%,-19.68%
15-Dec-09,5.46%,-20.23%
16-Dec-09,5.95%,-20.64%
17-Dec-09,5.21%,-21.43%
18-Dec-09,5.08%,-20.70%
21-Dec-09,6.03%,-21.12%
22-Dec-09,6.42%,-21.06%
23-Dec-09,6.04%,-21.53%
24-Dec-09,6.13%,-21.18%
28-Dec-09,5.40%,-23.15%
29-Dec-09,5.34%,-23.26%
30-Dec-09,5.24%,-23.05%
31-Dec-09,4.45%,-23.08%
4-Jan-10,4.85%,-21.57%
5-Jan-10,5.06%,-21.46%
6-Jan-10,5.21%,-21.30%
7-Jan-10,5.08%,-20.98%
8-Jan-10,4.81%,-19.32%
11-Jan-10,3.57%,-19.04%
12-Jan-10,3.35%,-19.64%
13-Jan-10,4.32%,-18.95%
14-Jan-10,4.83%,-18.89%
15-Jan-10,4.54%,-19.01%
19-Jan-10,5.83%,-18.95%
20-Jan-10,5.06%,-19.94%
21-Jan-10,2.93%,-20.41%
22-Jan-10,-0.44%,-22.45%
25-Jan-10,0.29%,-25.91%
26-Jan-10,1.15%,-25.54%
27-Jan-10,1.23%,-25.31%
28-Jan-10,1.10%,-22.21%
29-Jan-10,0.65%,-22.80%
1-Feb-10,1.67%,-21.74%
2-Feb-10,2.51%,-20.83%
3-Feb-10,2.22%,-21.20%
4-Feb-10,-0.75%,-21.95%
5-Feb-10,0.52%,-21.83%
8-Feb-10,-0.41%,-22.38%
9-Feb-10,0.51%,-22.36%
10-Feb-10,0.62%,-22.79%
11-Feb-10,1.11%,-22.28%
12-Feb-10,1.46%,-21.77%
16-Feb-10,2.31%,-23.21%
17-Feb-10,2.59%,-21.06%
18-Feb-10,3.56%,-21.03%
19-Feb-10,3.78%,-20.46%
22-Feb-10,3.27%,-21.69%
23-Feb-10,2.31%,-21.66%
24-Feb-10,2.75%,-21.02%
25-Feb-10,2.65%,-21.16%
26-Feb-10,2.72%,-21.07%
1-Mar-10,3.84%,-21.87%
2-Mar-10,3.51%,-20.27%
3-Mar-10,3.23%,-19.61%
4-Mar-10,3.37%,-19.38%
5-Mar-10,4.31%,-20.05%
8-Mar-10,3.95%,-20.44%
9-Mar-10,4.00%,-20.33%
10-Mar-10,4.13%,-20.04%
11-Mar-10,3.92%,-20.07%
12-Mar-10,4.17%,-18.77%
15-Mar-10,4.11%,-20.76%
16-Mar-10,4.29%,-20.33%
17-Mar-10,4.97%,-19.85%
18-Mar-10,4.96%,-19.09%
19-Mar-10,4.88%,-19.83%
22-Mar-10,4.30%,-19.82%
23-Mar-10,4.93%,-19.08%
24-Mar-10,4.44%,-16.23%
25-Mar-10,4.07%,-16.70%
26-Mar-10,4.24%,-17.15%
29-Mar-10,4.30%,-17.72%
30-Mar-10,4.39%,-17.62%
31-Mar-10,4.33%,-17.19%
1-Apr-10,4.51%,-16.36%
5-Apr-10,4.34%,-16.68%
6-Apr-10,5.06%,-16.14%
7-Apr-10,4.75%,-17.41%
8-Apr-10,5.02%,-16.98%
9-Apr-10,5.19%,-16.76%
12-Apr-10,5.08%,-16.79%
13-Apr-10,5.11%,-16.71%
14-Apr-10,5.72%,-18.03%
15-Apr-10,5.62%,-18.31%
16-Apr-10,4.89%,-20.22%
19-Apr-10,6.28%,-19.38%
20-Apr-10,6.94%,-18.13%
21-Apr-10,6.87%,-17.13%
22-Apr-10,6.71%,-15.71%
23-Apr-10,6.31%,-15.07%
26-Apr-10,5.43%,-16.26%
27-Apr-10,2.72%,-21.29%
28-Apr-10,4.06%,-21.13%
29-Apr-10,5.47%,-21.95%
30-Apr-10,3.73%,-23.48%
3-May-10,4.94%,-21.35%
4-May-10,3.55%,-26.97%
5-May-10,3.32%,-26.20%
6-May-10,0.87%,-30.22%
7-May-10,-4.42%,-36.83%
10-May-10,1.62%,-24.80%
11-May-10,1.41%,-22.21%
12-May-10,2.10%,-24.11%
13-May-10,1.48%,-23.94%
14-May-10,-1.21%,-27.80%
17-May-10,0.71%,-26.48%
18-May-10,-0.92%,-29.44%
19-May-10,-1.47%,-31.00%
20-May-10,-6.36%,-35.43%
21-May-10,-2.44%,-33.80%
24-May-10,-1.48%,-33.20%
25-May-10,-0.10%,-30.04%
26-May-10,-0.69%,-28.22%
27-May-10,2.29%,-26.68%
28-May-10,0.72%,-27.62%
1-Jun-10,-2.44%,-28.02%
2-Jun-10,1.31%,-26.04%
3-Jun-10,0.88%,-27.90%
4-Jun-10,-2.44%,-27.51%
7-Jun-10,-2.92%,-27.67%
8-Jun-10,-1.08%,-25.42%
9-Jun-10,-1.11%,-25.54%
10-Jun-10,0.84%,-25.93%
11-Jun-10,1.59%,-23.05%
14-Jun-10,1.63%,-23.05%
15-Jun-10,2.91%,-23.22%
16-Jun-10,2.65%,-21.74%
17-Jun-10,2.76%,-21.02%
18-Jun-10,3.51%,-23.43%
21-Jun-10,2.72%,-24.08%
22-Jun-10,1.05%,-26.51%
23-Jun-10,1.47%,-24.18%
24-Jun-10,-0.16%,-27.69%
25-Jun-10,1.37%,-26.33%
28-Jun-10,1.32%,-27.39%
29-Jun-10,-1.42%,-27.11%
30-Jun-10,-0.92%,-27.03%
1-Jul-10,-0.14%,-25.78%
2-Jul-10,1.84%,-26.11%
6-Jul-10,1.41%,-23.74%
7-Jul-10,3.27%,-22.71%
8-Jul-10,3.45%,-21.22%
9-Jul-10,4.09%,-21.68%
12-Jul-10,3.42%,-20.88%
13-Jul-10,3.84%,-20.19%
14-Jul-10,4.01%,-19.29%
15-Jul-10,4.37%,-21.28%
16-Jul-10,2.63%,-22.39%
19-Jul-10,4.76%,-22.14%
20-Jul-10,4.96%,-20.52%
21-Jul-10,2.95%,-23.02%
22-Jul-10,4.16%,-22.40%
23-Jul-10,4.56%,-22.36%
26-Jul-10,5.01%,-21.34%
27-Jul-10,4.69%,-21.32%
28-Jul-10,4.00%,-21.78%
29-Jul-10,4.18%,-20.24%
30-Jul-10,3.93%,-19.65%
2-Aug-10,4.60%,-18.33%
